日期,識別碼,植物編號,植物名稱,形相代號,節氣,候別,葉子分數,花的分數,果實分數
2022/03/27,1,0,緬梔,1,春分,第2候,2.5,1,1
2022/03/27,2,1,小梗木薑子,1,春分,第2候,2.5,1,1
2022/03/27,3,2,相思樹,1,春分,第2候,3,1,1
2022/03/27,4,3,降真香,1,春分,第2候,3,1,2
2022/03/27,5,4,球花嘉賜木,1,春分,第2候,0.5,1,3
2022/03/27,6,5,血桐,1,春分,第2候,3,2,1
2022/03/27,7,6,灰木,2,春分,第2候,2,2,1
2022/03/27,8,7,狗骨仔,1,春分,第2候,2.5,1,1
2022/03/27,9,8,狗骨仔,2,春分,第2候,2.5,2,2
2022/03/27,10,9,紅脈赤楠,1,春分,第2候,2.5,2,1
2022/03/27,11,10,台灣山桂花,2,春分,第2候,2.5,1,3
2022/03/27,12,11,細葉饅頭果,1,春分,第2候,2.5,2,1
2022/03/27,13,12,球花嘉賜木,1,春分,第2候,2.5,1,1
2022/03/27,14,13,相思樹,1,春分,第2候,2.5,1,1
2022/03/27,15,14,血桐,1,春分,第2候,2.5,3,1
2022/03/27,17,15,萬桃花,1,春分,第2候,2.5,2,3
2022/03/27,18,16,山油麻,1,春分,第2候,2.5,2,1
2022/03/27,19,17,構樹,1,春分,第2候,2,3,1
2022/03/27,20,18,白毛臭牡丹,2,春分,第2候,2.5,2,1
2022/03/27,21,19,白匏子,1,春分,第2候,2.5,1,1
2022/03/27,23,20,白匏子,1,春分,第2候,2.5,1,1
2022/03/27,24,21,苦楝,1,春分,第2候,2,3,1
2022/03/27,26,22,狗骨仔,2,春分,第2候,2.5,3,1
2022/03/27,27,23,降真香,1,春分,第2候,2.5,1,2
2022/03/27,28,24,小錦蘭,3,春分,第2候,2.5,3,1
2022/03/27,29,25,雙面刺,3,春分,第2候,2.5,3,1
2022/03/27,31,26,大青,2,春分,第2候,2,1,1
2022/03/27,33,27,球花嘉賜木,1,春分,第2候,3,1,1
2022/03/27,34,28,球花嘉賜木,1,春分,第2候,2.5,1,3
2022/03/27,35,29,台灣野茉莉,2,春分,第2候,2,3,1
2022/03/27,36,30,對面花,2,春分,第2候,2,2,1
2022/03/27,37,31,狗花椒,1,春分,第2候,3,1,1
2022/03/27,38,32,毛瓣蝴蝶木,2,春分,第2候,2.5,1,1
2022/04/02,1,0,緬梔,1,春分,第3候,2.5,1,1
2022/04/02,2,1,小梗木薑子,1,春分,第3候,2.5,1,1
2022/04/02,3,2,相思樹,1,春分,第3候,2.5,1,1
2022/04/02,4,3,降真香,1,春分,第3候,2.5,2,2
2022/04/02,5,4,球花嘉賜木,1,春分,第3候,3,1,2
2022/04/02,6,5,血桐,1,春分,第3候,2.5,2,1
2022/04/02,7,6,灰木,2,春分,第3候,2,3,1
2022/04/02,8,7,狗骨仔,1,春分,第3候,2.5,1,1
2022/04/02,9,8,狗骨仔,2,春分,第3候,2.5,2,2
2022/04/02,10,9,紅脈赤楠,1,春分,第3候,2.5,2,1
2022/04/02,11,10,台灣山桂花,2,春分,第3候,2.5,1,3
2022/04/02,12,11,細葉饅頭果,1,春分,第3候,2.5,2,1
2022/04/02,13,12,球花嘉賜木,1,春分,第3候,2.5,2,1
2022/04/02,14,13,相思樹,1,春分,第3候,2.5,1,1
2022/04/02,15,14,血桐,1,春分,第3候,2.5,3,1
2022/04/02,17,15,萬桃花,1,春分,第3候,2.5,2,3
2022/04/02,18,16,山油麻,1,春分,第3候,2.5,2,1
2022/04/02,19,17,構樹,1,春分,第3候,2,3,1
2022/04/02,20,18,白毛臭牡丹,2,春分,第3候,2.5,2,1
2022/04/02,21,19,白匏子,1,春分,第3候,2.5,1,1
2022/04/02,23,20,白匏子,1,春分,第3候,2.5,1,1
2022/04/02,24,21,苦楝,1,春分,第3候,2.5,3,1
2022/04/02,27,23,降真香,1,春分,第3候,2.5,1,2
2022/04/02,28,24,小錦蘭,3,春分,第3候,2.5,3,1
2022/04/02,29,25,雙面刺,3,春分,第3候,2.5,3,1
2022/04/02,31,26,大青,2,春分,第3候,2.5,1,1
2022/04/02,33,27,球花嘉賜木,1,春分,第3候,3,1,1
2022/04/02,34,28,球花嘉賜木,1,春分,第3候,3,1,3
2022/04/02,35,29,台灣野茉莉,2,春分,第3候,2.5,3,1
2022/04/02,36,30,對面花,2,春分,第3候,2.5,2,1
2022/04/02,37,31,狗花椒,1,春分,第3候,2.5,1,1
2022/04/02,38,32,毛瓣蝴蝶木,2,春分,第3候,2.5,1,1
2022/04/10,1,0,緬梔,1,清明,第2候,2.5,1,1
2022/04/10,2,1,小梗木薑子,1,清明,第2候,2.5,1,1
2022/04/10,3,2,相思樹,1,清明,第2候,2.5,1,1
2022/04/10,4,3,降真香,1,清明,第2候,2.5,1,2
2022/04/10,5,4,球花嘉賜木,1,清明,第2候,0.5,1,2
2022/04/10,6,5,血桐,1,清明,第2候,3,3,1
2022/04/10,7,6,灰木,2,清明,第2候,2.5,3,1
2022/04/10,8,7,狗骨仔,1,清明,第2候,2.5,1,1
2022/04/10,9,8,狗骨仔,2,清明,第2候,2.5,2,2
2022/04/10,10,9,紅脈赤楠,1,清明,第2候,2.5,2,1
2022/04/10,11,10,台灣山桂花,2,清明,第2候,2.5,1,3
2022/04/10,12,11,細葉饅頭果,1,清明,第2候,2.5,2,2
2022/04/10,13,12,球花嘉賜木,1,清明,第2候,2.5,1,1
2022/04/10,14,13,相思樹,1,清明,第2候,2.5,1,1
2022/04/10,15,14,血桐,1,清明,第2候,2.5,3,1
2022/04/10,17,15,萬桃花,1,清明,第2候,2.5,3,3
2022/04/10,18,16,山油麻,1,清明,第2候,2.5,3,1
2022/04/10,19,17,構樹,1,清明,第2候,2.5,3,1
2022/04/10,20,18,白毛臭牡丹,2,清明,第2候,2.5,3,1
2022/04/10,21,19,白匏子,1,清明,第2候,2.5,1,1
2022/04/10,23,20,白匏子,1,清明,第2候,2.5,1,1
2022/04/10,24,21,苦楝,1,清明,第2候,2.5,1,1
2022/04/10,26,22,狗骨仔,2,清明,第2候,2.5,2,1
2022/04/10,27,23,降真香,1,清明,第2候,2.5,1,2
2022/04/10,28,24,小錦蘭,3,清明,第2候,2.5,1,1
2022/04/10,29,25,雙面刺,3,清明,第2候,2.5,3,3
2022/04/10,31,26,大青,2,清明,第2候,2.5,1,1
2022/04/10,33,27,球花嘉賜木,1,清明,第2候,2.5,1,1
2022/04/10,34,28,球花嘉賜木,1,清明,第2候,2.5,1,3
2022/04/10,35,29,台灣野茉莉,2,清明,第2候,2.5,2,3
2022/04/10,36,30,對面花,2,清明,第2候,2.5,2,1
2022/04/10,37,31,狗花椒,1,清明,第2候,2.5,1,1
2022/04/10,38,32,毛瓣蝴蝶木,2,清明,第2候,2.5,1,1
2022/04/17,1,0,緬梔,1,清明,第3候,2.5,1,1
2022/04/17,2,1,小梗木薑子,1,清明,第3候,2.5,1,1
2022/04/17,3,2,相思樹,1,清明,第3候,2.5,1,1
2022/04/17,4,3,降真香,1,清明,第3候,2.5,2,2
2022/04/17,5,4,球花嘉賜木,1,清明,第3候,0.5,1,1
2022/04/17,6,5,血桐,1,清明,第3候,2.5,3,1
2022/04/17,7,6,灰木,2,清明,第3候,2.5,2,1
2022/04/17,8,7,狗骨仔,1,清明,第3候,2.5,1,1
2022/04/17,9,8,狗骨仔,2,清明,第3候,2.5,2,2
2022/04/17,10,9,紅脈赤楠,1,清明,第3候,2.5,3,1
2022/04/17,11,10,台灣山桂花,2,清明,第3候,2.5,1,3
2022/04/17,12,11,細葉饅頭果,1,清明,第3候,2.5,2,1
2022/04/17,13,12,球花嘉賜木,1,清明,第3候,2.5,1,1
2022/04/17,14,13,相思樹,1,清明,第3候,2.5,1,1
2022/04/17,15,14,血桐,1,清明,第3候,2.5,3,1
2022/04/17,17,15,萬桃花,1,清明,第3候,2.5,3,3
2022/04/17,18,16,山油麻,1,清明,第3候,2.5,3,1
2022/04/17,19,17,構樹,1,清明,第3候,2.5,3,1
2022/04/17,20,18,白毛臭牡丹,2,清明,第3候,2.5,3,1
2022/04/17,21,19,白匏子,1,清明,第3候,2.5,1,1
2022/04/17,23,20,白匏子,1,清明,第3候,2.5,1,1
2022/04/17,24,21,苦楝,1,清明,第3候,2.5,1,1
2022/04/17,26,22,狗骨仔,2,清明,第3候,2.5,1,1
2022/04/17,27,23,降真香,1,清明,第3候,2.5,1,2
2022/04/17,28,24,小錦蘭,3,清明,第3候,2.5,1,1
2022/04/17,29,25,雙面刺,3,清明,第3候,2.5,1,3
2022/04/17,31,26,大青,2,清明,第3候,2.5,1,1
2022/04/17,33,27,球花嘉賜木,1,清明,第3候,2.5,1,1
2022/04/17,34,28,球花嘉賜木,1,清明,第3候,2.5,1,2
2022/04/17,35,29,台灣野茉莉,2,清明,第3候,2.5,1,3
2022/04/17,36,30,對面花,2,清明,第3候,2.5,2,1
2022/04/17,37,31,狗花椒,1,清明,第3候,2.5,1,1
2022/04/17,38,32,毛瓣蝴蝶木,2,清明,第3候,2.5,2,1
2022/04/17,40,33,狗花椒,1,清明,第3候,2.5,1,1
2022/04/17,41,34,狗花椒,1,清明,第3候,2.5,2,2
2022/04/17,42,35,羊角藤,3,清明,第3候,2.5,2,1
2022/04/24,1,0,緬梔,1,穀雨,第1候,2.5,2,1
2022/04/24,2,1,小梗木薑子,1,穀雨,第1候,2.5,1,1
2022/04/24,3,2,相思樹,1,穀雨,第1候,2.5,1,1
2022/04/24,4,3,降真香,1,穀雨,第1候,2.5,2,1
2022/04/24,5,4,球花嘉賜木,1,穀雨,第1候,0.5,1,1
2022/04/24,6,5,血桐,1,穀雨,第1候,2.5,2,1
2022/04/24,7,6,灰木,2,穀雨,第1候,2.5,1,2
2022/04/24,8,7,狗骨仔,1,穀雨,第1候,2.5,1,1
2022/04/24,9,8,狗骨仔,2,穀雨,第1候,2.5,1,1
2022/04/24,10,9,紅脈赤楠,1,穀雨,第1候,2.5,2,1
2022/04/24,11,10,台灣山桂花,2,穀雨,第1候,2.5,1,3
2022/04/24,12,11,細葉饅頭果,1,穀雨,第1候,2.5,1,2
2022/04/24,13,12,球花嘉賜木,1,穀雨,第1候,2.5,1,1
2022/04/24,14,13,相思樹,1,穀雨,第1候,2.5,1,1
2022/04/24,15,14,血桐,1,穀雨,第1候,2.5,3,1
2022/04/24,17,15,萬桃花,1,穀雨,第1候,2.5,3,3
2022/04/24,18,16,山油麻,1,穀雨,第1候,2.5,3,1
2022/04/24,19,17,構樹,1,穀雨,第1候,2.5,3,1
2022/04/24,20,18,白毛臭牡丹,2,穀雨,第1候,2.5,3,1
2022/04/24,21,19,白匏子,1,穀雨,第1候,2.5,1,1
2022/04/24,23,20,白匏子,1,穀雨,第1候,2.5,1,1
2022/04/24,24,21,苦楝,1,穀雨,第1候,2.5,1,1
2022/04/24,28,24,小錦蘭,3,穀雨,第1候,2.5,1,1
2022/04/24,29,25,雙面刺,3,穀雨,第1候,2.5,1,3
2022/04/24,31,26,大青,2,穀雨,第1候,2.5,1,1
2022/04/24,33,27,球花嘉賜木,1,穀雨,第1候,2.5,1,1
2022/04/24,34,28,球花嘉賜木,1,穀雨,第1候,2.5,1,2
2022/04/24,35,29,台灣野茉莉,2,穀雨,第1候,2.5,1,3
2022/04/24,36,30,對面花,2,穀雨,第1候,2.5,3,1
2022/04/24,38,32,毛瓣蝴蝶木,2,穀雨,第1候,2.5,2,1
2022/05/02,1,0,緬梔,1,穀雨,第3候,2.5,2,1
2022/05/02,2,1,小梗木薑子,1,穀雨,第3候,2.5,1,1
2022/05/02,3,2,相思樹,1,穀雨,第3候,2.5,1,1
2022/05/02,4,3,降真香,1,穀雨,第3候,2.5,2,2
2022/05/02,5,4,球花嘉賜木,1,穀雨,第3候,2.5,1,1
2022/05/02,6,5,血桐,1,穀雨,第3候,2.5,1,3
2022/05/02,7,6,灰木,2,穀雨,第3候,2.5,1,2
2022/05/02,8,7,狗骨仔,1,穀雨,第3候,2.5,1,1
2022/05/02,9,8,狗骨仔,2,穀雨,第3候,2.5,1,1
2022/05/02,10,9,紅脈赤楠,1,穀雨,第3候,2.5,2,2
2022/05/02,11,10,台灣山桂花,2,穀雨,第3候,2.5,1,3
2022/05/02,12,11,細葉饅頭果,1,穀雨,第3候,2.5,1,2
2022/05/02,13,12,球花嘉賜木,1,穀雨,第3候,2.5,1,1
2022/05/02,14,13,相思樹,1,穀雨,第3候,2.5,3,1
2022/05/02,15,14,血桐,1,穀雨,第3候,2.5,1,3
2022/05/02,17,15,萬桃花,1,穀雨,第3候,2.5,3,3
2022/05/02,18,16,山油麻,1,穀雨,第3候,2.5,3,2
2022/05/02,19,17,構樹,1,穀雨,第3候,2.5,3,3
2022/05/02,20,18,白毛臭牡丹,2,穀雨,第3候,2.5,3,3
2022/05/02,21,19,白匏子,1,穀雨,第3候,2.5,1,1
2022/05/02,23,20,白匏子,1,穀雨,第3候,2.5,1,1
2022/05/02,24,21,苦楝,1,穀雨,第3候,2.5,2,1
2022/05/02,26,22,狗骨仔,2,穀雨,第3候,2.5,2,1
2022/05/02,27,23,降真香,1,穀雨,第3候,2.5,2,2
2022/05/02,28,24,小錦蘭,3,穀雨,第3候,2.5,1,1
2022/05/02,29,25,雙面刺,3,穀雨,第3候,2.5,1,3
2022/05/02,31,26,大青,2,穀雨,第3候,2.5,1,1
2022/05/02,33,27,球花嘉賜木,1,穀雨,第3候,2.5,1,1
2022/05/02,34,28,球花嘉賜木,1,穀雨,第3候,2.5,1,2
2022/05/02,35,29,台灣野茉莉,2,穀雨,第3候,2.5,1,3
2022/05/02,36,30,對面花,2,穀雨,第3候,2.5,3,1
2022/05/02,37,31,狗花椒,1,穀雨,第3候,2.5,1,1
2022/05/02,38,32,毛瓣蝴蝶木,2,穀雨,第3候,2.5,2,1
2022/05/02,40,33,狗花椒,1,穀雨,第3候,2.5,1,1
2022/05/02,41,34,狗花椒,1,穀雨,第3候,2.5,1,1
2022/05/02,42,35,羊角藤,3,穀雨,第3候,2.5,2,1
2022/05/15,1,0,緬梔,1,立夏,第3候,2.5,3,1
2022/05/15,2,1,小梗木薑子,1,立夏,第3候,2.5,1,1
2022/05/15,3,2,相思樹,1,立夏,第3候,2.5,1,1
2022/05/15,4,3,降真香,1,立夏,第3候,2.5,3,2
2022/05/15,5,4,球花嘉賜木,1,立夏,第3候,2.5,1,1
2022/05/15,6,5,血桐,1,立夏,第3候,2.5,1,3
2022/05/15,7,6,灰木,2,立夏,第3候,2.5,2,2
2022/05/15,8,7,狗骨仔,1,立夏,第3候,2.5,1,1
2022/05/15,9,8,狗骨仔,2,立夏,第3候,2.5,1,2
2022/05/15,10,9,紅脈赤楠,1,立夏,第3候,2.5,1,2
2022/05/15,11,10,台灣山桂花,2,立夏,第3候,2.5,1,3
2022/05/15,12,11,細葉饅頭果,1,立夏,第3候,2.5,1,1
2022/05/15,13,12,球花嘉賜木,1,立夏,第3候,2.5,1,1
2022/05/15,14,13,相思樹,1,立夏,第3候,2.5,2,1
2022/05/15,15,14,血桐,1,立夏,第3候,2.5,1,2
2022/05/15,17,15,萬桃花,1,立夏,第3候,2.5,3,3
2022/05/15,18,16,山油麻,1,立夏,第3候,2.5,3,3
2022/05/15,19,17,構樹,1,立夏,第3候,2.5,1,3
2022/05/15,20,18,白毛臭牡丹,2,立夏,第3候,2.5,2,3
2022/05/15,21,19,白匏子,1,立夏,第3候,2.5,1,1
2022/05/15,23,20,白匏子,1,立夏,第3候,2.5,2,1
2022/05/15,24,21,苦楝,1,立夏,第3候,2.5,1,3
2022/05/15,26,22,狗骨仔,2,立夏,第3候,2.5,1,2
2022/05/15,27,23,降真香,1,立夏,第3候,2.5,2,1
2022/05/15,28,24,小錦蘭,3,立夏,第3候,2.5,1,1
2022/05/15,29,25,雙面刺,3,立夏,第3候,3,1,3
2022/05/15,31,26,大青,2,立夏,第3候,2.5,1,1
2022/05/15,33,27,球花嘉賜木,1,立夏,第3候,2.5,1,1
2022/05/15,34,28,球花嘉賜木,1,立夏,第3候,2.5,1,1
2022/05/15,35,29,台灣野茉莉,2,立夏,第3候,2.5,1,3
2022/05/15,36,30,對面花,2,立夏,第3候,2.5,2,1
2022/05/15,37,31,狗花椒,1,立夏,第3候,2.5,1,1
2022/05/15,38,32,毛瓣蝴蝶木,2,立夏,第3候,2.5,2,1
2022/05/15,40,33,狗花椒,1,立夏,第3候,2.5,1,1
2022/05/15,41,34,狗花椒,1,立夏,第3候,2.5,1,1
2022/05/15,42,35,羊角藤,3,立夏,第3候,2.5,2,1
2022/05/24,1,0,緬梔,1,小滿,第1候,2.5,3,1
2022/05/24,2,1,小梗木薑子,1,小滿,第1候,2.5,1,1
2022/05/24,3,2,相思樹,1,小滿,第1候,3,1,1
2022/05/24,4,3,降真香,1,小滿,第1候,2.5,3,2
2022/05/24,5,4,球花嘉賜木,1,小滿,第1候,2.5,1,1
2022/05/24,6,5,血桐,1,小滿,第1候,2.5,1,3
2022/05/24,7,6,灰木,2,小滿,第1候,2.5,1,2
2022/05/24,8,7,狗骨仔,1,小滿,第1候,2.5,1,1
2022/05/24,9,8,狗骨仔,2,小滿,第1候,2.5,1,2
2022/05/24,10,9,紅脈赤楠,1,小滿,第1候,2.5,1,2
2022/05/24,11,10,台灣山桂花,2,小滿,第1候,2.5,1,3
2022/05/24,12,11,細葉饅頭果,1,小滿,第1候,3,1,1
2022/05/24,13,12,球花嘉賜木,1,小滿,第1候,2.5,1,1
2022/05/24,14,13,相思樹,1,小滿,第1候,2.5,2,1
2022/05/24,15,14,血桐,1,小滿,第1候,2.5,1,2
2022/05/24,17,15,萬桃花,1,小滿,第1候,2.5,3,3
2022/05/24,18,16,山油麻,1,小滿,第1候,2.5,3,3
2022/05/24,19,17,構樹,1,小滿,第1候,2.5,1,3
2022/05/24,20,18,白毛臭牡丹,2,小滿,第1候,2.5,2,3
2022/05/24,21,19,白匏子,1,小滿,第1候,2.5,1,1
2022/05/24,23,20,白匏子,1,小滿,第1候,2.5,2,1
2022/05/24,24,21,苦楝,1,小滿,第1候,2.5,1,3
2022/05/24,26,22,狗骨仔,2,小滿,第1候,2.5,1,2
2022/05/24,27,23,降真香,1,小滿,第1候,2.5,2,2
2022/05/24,28,24,小錦蘭,3,小滿,第1候,2.5,1,1
2022/05/24,29,25,雙面刺,3,小滿,第1候,3,1,3
2022/05/24,31,26,大青,2,小滿,第1候,2.5,1,1
2022/05/24,33,27,球花嘉賜木,1,小滿,第1候,2.5,1,1
2022/05/24,34,28,球花嘉賜木,1,小滿,第1候,2.5,1,1
2022/05/24,35,29,台灣野茉莉,2,小滿,第1候,2.5,1,3
2022/05/24,36,30,對面花,2,小滿,第1候,2.5,1,1
2022/05/24,37,31,狗花椒,1,小滿,第1候,2.5,1,1
2022/05/24,38,32,毛瓣蝴蝶木,2,小滿,第1候,2.5,2,1
2022/05/24,40,33,狗花椒,1,小滿,第1候,2.5,1,1
2022/05/24,41,34,狗花椒,1,小滿,第1候,2.5,1,1
2022/05/24,42,35,羊角藤,3,小滿,第1候,2.5,3,1
2022/06/05,1,0,緬梔,1,小滿,第3候,2.5,3,1
2022/06/05,2,1,小梗木薑子,1,小滿,第3候,2.5,1,1
2022/06/05,3,2,相思樹,1,小滿,第3候,3,1,1
2022/06/05,4,3,降真香,1,小滿,第3候,2.5,3,1
2022/06/05,5,4,球花嘉賜木,1,小滿,第3候,2.5,1,1
2022/06/05,6,5,血桐,1,小滿,第3候,2.5,1,3
2022/06/05,7,6,灰木,2,小滿,第3候,2.5,1,2
2022/06/05,8,7,狗骨仔,1,小滿,第3候,2.5,1,1
2022/06/05,9,8,狗骨仔,2,小滿,第3候,2.5,1,2
2022/06/05,10,9,紅脈赤楠,1,小滿,第3候,2.5,1,1
2022/06/05,11,10,台灣山桂花,2,小滿,第3候,2.5,1,3
2022/06/05,12,11,細葉饅頭果,1,小滿,第3候,3,1,1
2022/06/05,13,12,球花嘉賜木,1,小滿,第3候,2.5,1,1
2022/06/05,14,13,相思樹,1,小滿,第3候,2.5,1,2
2022/06/05,15,14,血桐,1,小滿,第3候,2.5,1,1
2022/06/05,17,15,萬桃花,1,小滿,第3候,2.5,2,3
2022/06/05,18,16,山油麻,1,小滿,第3候,2.5,2,3
2022/06/05,19,17,構樹,1,小滿,第3候,2.5,2,3
2022/06/05,20,18,白毛臭牡丹,2,小滿,第3候,2.5,2,3
2022/06/05,21,19,白匏子,1,小滿,第3候,2.5,1,1
2022/06/05,23,20,白匏子,1,小滿,第3候,2.5,2,1
2022/06/05,24,21,苦楝,1,小滿,第3候,2.5,1,2
2022/06/05,26,22,狗骨仔,2,小滿,第3候,2.5,2,1
2022/06/05,27,23,降真香,1,小滿,第3候,2.5,2,1
2022/06/05,28,24,小錦蘭,3,小滿,第3候,2.5,1,1
2022/06/05,29,25,雙面刺,3,小滿,第3候,2.5,1,3
2022/06/05,31,26,大青,2,小滿,第3候,2.5,2,1
2022/06/05,33,27,球花嘉賜木,1,小滿,第3候,2.5,1,1
2022/06/05,34,28,球花嘉賜木,1,小滿,第3候,2.5,1,1
2022/06/05,35,29,台灣野茉莉,2,小滿,第3候,2.5,1,3
2022/06/05,36,30,對面花,2,小滿,第3候,2.5,1,1
2022/06/05,37,31,狗花椒,1,小滿,第3候,2.5,2,1
2022/06/05,38,32,毛瓣蝴蝶木,2,小滿,第3候,2.5,2,1
2022/06/05,40,33,狗花椒,1,小滿,第3候,2.5,1,1
2022/06/05,41,34,狗花椒,1,小滿,第3候,2.5,1,1
2022/06/05,42,35,羊角藤,3,小滿,第3候,2.5,3,1
2022/06/19,1,0,緬梔,1,芒種,第3候,2.5,3,1
2022/06/19,2,1,小梗木薑子,1,芒種,第3候,2.5,1,1
2022/06/19,3,2,相思樹,1,芒種,第3候,2.5,1,1
2022/06/19,4,3,降真香,1,芒種,第3候,2.5,2,1
2022/06/19,5,4,球花嘉賜木,1,芒種,第3候,2.5,1,1
2022/06/19,6,5,血桐,1,芒種,第3候,2.5,1,3
2022/06/19,7,6,灰木,2,芒種,第3候,2.5,1,2
2022/06/19,8,7,狗骨仔,1,芒種,第3候,2.5,1,1
2022/06/19,9,8,狗骨仔,2,芒種,第3候,2.5,1,2
2022/06/19,10,9,紅脈赤楠,1,芒種,第3候,2.5,1,1
2022/06/19,11,10,台灣山桂花,2,芒種,第3候,2.5,1,3
2022/06/19,12,11,細葉饅頭果,1,芒種,第3候,2.5,1,1
2022/06/19,13,12,球花嘉賜木,1,芒種,第3候,2.5,1,1
2022/06/19,14,13,相思樹,1,芒種,第3候,2.5,2,2
2022/06/19,15,14,血桐,1,芒種,第3候,2.5,1,1
2022/06/19,17,15,萬桃花,1,芒種,第3候,2.5,2,3
2022/06/19,18,16,山油麻,1,芒種,第3候,2.5,2,3
2022/06/19,19,17,構樹,1,芒種,第3候,2.5,1,3
2022/06/19,20,18,白毛臭牡丹,2,芒種,第3候,2.5,1,3
2022/06/19,21,19,白匏子,1,芒種,第3候,2.5,1,1
2022/06/19,23,20,白匏子,1,芒種,第3候,2.5,2,1
2022/06/19,24,21,苦楝,1,芒種,第3候,2.5,1,2
2022/06/19,26,22,狗骨仔,2,芒種,第3候,2.5,2,1
2022/06/19,27,23,降真香,1,芒種,第3候,2.5,3,1
2022/06/19,28,24,小錦蘭,3,芒種,第3候,2.5,1,1
2022/06/19,29,25,雙面刺,3,芒種,第3候,3,1,3
2022/06/19,31,26,大青,2,芒種,第3候,2.5,2,1
2022/06/19,33,27,球花嘉賜木,1,芒種,第3候,2.5,1,1
2022/06/19,34,28,球花嘉賜木,1,芒種,第3候,2.5,1,1
2022/06/19,35,29,台灣野茉莉,2,芒種,第3候,2.5,1,3
2022/06/19,36,30,對面花,2,芒種,第3候,2,1,1
2022/06/19,37,31,狗花椒,1,芒種,第3候,2.5,2,1
2022/06/19,38,32,毛瓣蝴蝶木,2,芒種,第3候,3,1,1
2022/06/19,40,33,狗花椒,1,芒種,第3候,2.5,1,1
2022/06/19,41,34,狗花椒,1,芒種,第3候,2.5,2,1
2022/06/19,42,35,羊角藤,3,芒種,第3候,2.5,2,1
2022/06/26,1,0,緬梔,1,夏至,第2候,2.5,3,1
2022/06/26,2,1,小梗木薑子,1,夏至,第2候,2.5,1,1
2022/06/26,3,2,相思樹,1,夏至,第2候,2.5,1,1
2022/06/26,4,3,降真香,1,夏至,第2候,2.5,3,1
2022/06/26,5,4,球花嘉賜木,1,夏至,第2候,2.5,1,1
2022/06/26,6,5,血桐,1,夏至,第2候,2.5,1,3
2022/06/26,7,6,灰木,2,夏至,第2候,2.5,1,2
2022/06/26,8,7,狗骨仔,1,夏至,第2候,2.5,1,1
2022/06/26,9,8,狗骨仔,2,夏至,第2候,2.5,1,2
2022/06/26,10,9,紅脈赤楠,1,夏至,第2候,2.5,1,1
2022/06/26,11,10,台灣山桂花,2,夏至,第2候,2.5,1,3
2022/06/26,12,11,細葉饅頭果,1,夏至,第2候,2.5,1,1
2022/06/26,13,12,球花嘉賜木,1,夏至,第2候,2.5,1,1
2022/06/26,14,13,相思樹,1,夏至,第2候,2.5,2,2
2022/06/26,15,14,血桐,1,夏至,第2候,2.5,1,1
2022/06/26,17,15,萬桃花,1,夏至,第2候,2.5,3,3
2022/06/26,18,16,山油麻,1,夏至,第2候,2.5,3,3
2022/06/26,19,17,構樹,1,夏至,第2候,2.5,1,3
2022/06/26,21,19,白匏子,1,夏至,第2候,2.5,1,1
2022/06/26,23,20,白匏子,1,夏至,第2候,2.5,2,1
2022/06/26,24,21,苦楝,1,夏至,第2候,2.5,1,2
2022/06/26,26,22,狗骨仔,2,夏至,第2候,2.5,2,1
2022/06/26,27,23,降真香,1,夏至,第2候,2.5,3,1
2022/06/26,28,24,小錦蘭,3,夏至,第2候,2.5,1,1
2022/06/26,29,25,雙面刺,3,夏至,第2候,3,1,3
2022/06/26,31,26,大青,2,夏至,第2候,2.5,2,1
2022/06/26,33,27,球花嘉賜木,1,夏至,第2候,2.5,1,1
2022/06/26,34,28,球花嘉賜木,1,夏至,第2候,2.5,1,1
2022/06/26,35,29,台灣野茉莉,2,夏至,第2候,2.5,1,3
2022/06/26,36,30,對面花,2,夏至,第2候,2,1,1
2022/06/26,37,31,狗花椒,1,夏至,第2候,2.5,2,1
2022/06/26,38,32,毛瓣蝴蝶木,2,夏至,第2候,2.5,1,1
2022/06/26,40,33,狗花椒,1,夏至,第2候,2.5,1,1
2022/06/26,41,34,狗花椒,1,夏至,第2候,2.5,2,1
2022/06/26,42,35,羊角藤,3,夏至,第2候,2.5,2,1
2022/07/10,1,0,緬梔,1,小暑,第1候,2.5,3,1
2022/07/10,2,1,小梗木薑子,1,小暑,第1候,2.5,1,1
2022/07/10,3,2,相思樹,1,小暑,第1候,2.5,1,1
2022/07/10,4,3,降真香,1,小暑,第1候,2.5,3,2
2022/07/10,5,4,球花嘉賜木,1,小暑,第1候,2.5,1,1
2022/07/10,6,5,血桐,1,小暑,第1候,2.5,1,2
2022/07/10,7,6,灰木,2,小暑,第1候,2.5,1,2
2022/07/10,8,7,狗骨仔,1,小暑,第1候,2.5,1,1
2022/07/10,9,8,狗骨仔,2,小暑,第1候,2.5,1,2
2022/07/10,10,9,紅脈赤楠,1,小暑,第1候,2.5,1,1
2022/07/10,11,10,台灣山桂花,2,小暑,第1候,2.5,1,3
2022/07/10,12,11,細葉饅頭果,1,小暑,第1候,2.5,1,1
2022/07/10,13,12,球花嘉賜木,1,小暑,第1候,2.5,1,1
2022/07/10,14,13,相思樹,1,小暑,第1候,2.5,2,1
2022/07/10,15,14,血桐,1,小暑,第1候,2.5,2,1
2022/07/10,17,15,萬桃花,1,小暑,第1候,2.5,3,3
2022/07/10,18,16,山油麻,1,小暑,第1候,2.5,3,3
2022/07/10,19,17,構樹,1,小暑,第1候,2.5,1,3
2022/07/10,21,19,白匏子,1,小暑,第1候,2.5,1,1
2022/07/10,23,20,白匏子,1,小暑,第1候,2.5,2,1
2022/07/10,24,21,苦楝,1,小暑,第1候,2.5,1,2
2022/07/10,26,22,狗骨仔,2,小暑,第1候,2.5,2,1
2022/07/10,27,23,降真香,1,小暑,第1候,2.5,3,3
2022/07/10,28,24,小錦蘭,3,小暑,第1候,2.5,1,1
2022/07/10,29,25,雙面刺,3,小暑,第1候,3,1,3
2022/07/10,31,26,大青,2,小暑,第1候,3,3,1
2022/07/10,33,27,球花嘉賜木,1,小暑,第1候,2.5,1,1
2022/07/10,34,28,球花嘉賜木,1,小暑,第1候,2.5,1,1
2022/07/10,35,29,台灣野茉莉,2,小暑,第1候,2.5,1,3
2022/07/10,36,30,對面花,2,小暑,第1候,2,1,1
2022/07/10,37,31,狗花椒,1,小暑,第1候,2.5,3,1
2022/07/10,38,32,毛瓣蝴蝶木,2,小暑,第1候,3,1,1
2022/07/10,40,33,狗花椒,1,小暑,第1候,2.5,2,1
2022/07/10,41,34,狗花椒,1,小暑,第1候,2.5,3,1
2022/07/10,42,35,羊角藤,3,小暑,第1候,2.5,3,1
2022/07/10,43,36,朴樹,1,小暑,第1候,2.5,1,3
2022/07/23,1,0,緬梔,1,大暑,第1候,2.5,3,1
2022/07/23,2,1,小梗木薑子,1,大暑,第1候,2.5,2,1
2022/07/23,3,2,相思樹,1,大暑,第1候,2.5,1,1
2022/07/23,4,3,降真香,1,大暑,第1候,2.5,3,2
2022/07/23,5,4,球花嘉賜木,1,大暑,第1候,2.5,1,1
2022/07/23,6,5,血桐,1,大暑,第1候,2.5,1,2
2022/07/23,7,6,灰木,2,大暑,第1候,2.5,1,2
2022/07/23,8,7,狗骨仔,1,大暑,第1候,2.5,1,1
2022/07/23,9,8,狗骨仔,2,大暑,第1候,2.5,1,2
2022/07/23,10,9,紅脈赤楠,1,大暑,第1候,2.5,1,1
2022/07/23,11,10,台灣山桂花,2,大暑,第1候,2.5,1,3
2022/07/23,12,11,細葉饅頭果,1,大暑,第1候,2.5,1,1
2022/07/23,13,12,球花嘉賜木,1,大暑,第1候,2.5,1,1
2022/07/23,14,13,相思樹,1,大暑,第1候,2.5,2,1
2022/07/23,15,14,血桐,1,大暑,第1候,2.5,2,1
2022/07/23,17,15,萬桃花,1,大暑,第1候,2.5,2,3
2022/07/23,18,16,山油麻,1,大暑,第1候,2.5,3,3
2022/07/23,19,17,構樹,1,大暑,第1候,2.5,2,3
2022/07/23,21,19,白匏子,1,大暑,第1候,2.5,1,1
2022/07/23,23,20,白匏子,1,大暑,第1候,2.5,2,1
2022/07/23,24,21,苦楝,1,大暑,第1候,2.5,1,2
2022/07/23,26,22,狗骨仔,2,大暑,第1候,2.5,2,1
2022/07/23,27,23,降真香,1,大暑,第1候,2.5,2,3
2022/07/23,28,24,小錦蘭,3,大暑,第1候,2.5,1,1
2022/07/23,29,25,雙面刺,3,大暑,第1候,2.5,1,3
2022/07/23,31,26,大青,2,大暑,第1候,3,3,3
2022/07/23,33,27,球花嘉賜木,1,大暑,第1候,2.5,1,1
2022/07/23,34,28,球花嘉賜木,1,大暑,第1候,2.5,1,1
2022/07/23,35,29,台灣野茉莉,2,大暑,第1候,2.5,1,3
2022/07/23,36,30,對面花,2,大暑,第1候,2,1,1
2022/07/23,37,31,狗花椒,1,大暑,第1候,2.5,3,1
2022/07/23,38,32,毛瓣蝴蝶木,2,大暑,第1候,2.5,1,1
2022/07/23,40,33,狗花椒,1,大暑,第1候,2.5,3,1
2022/07/23,41,34,狗花椒,1,大暑,第1候,2.5,3,1
2022/07/23,42,35,羊角藤,3,大暑,第1候,2.5,3,1
2022/07/23,43,36,朴樹,1,大暑,第1候,2.5,1,3
2022/08/07,1,0,緬梔,1,立秋,第1候,2.5,3,1
2022/08/07,2,1,小梗木薑子,1,立秋,第1候,2.5,2,1
2022/08/07,3,2,相思樹,1,立秋,第1候,2.5,1,1
2022/08/07,4,3,降真香,1,立秋,第1候,2.5,3,2
2022/08/07,5,4,球花嘉賜木,1,立秋,第1候,2.5,1,1
2022/08/07,6,5,血桐,1,立秋,第1候,3,1,1
2022/08/07,7,6,灰木,2,立秋,第1候,3,1,2
2022/08/07,8,7,狗骨仔,1,立秋,第1候,2.5,1,1
2022/08/07,9,8,狗骨仔,2,立秋,第1候,2.5,1,2
2022/08/07,10,9,紅脈赤楠,1,立秋,第1候,2.5,1,1
2022/08/07,11,10,台灣山桂花,2,立秋,第1候,2.5,1,2
2022/08/07,12,11,細葉饅頭果,1,立秋,第1候,2.5,1,1
2022/08/07,13,12,球花嘉賜木,1,立秋,第1候,2.5,1,1
2022/08/07,14,13,相思樹,1,立秋,第1候,2.5,1,1
2022/08/07,15,14,血桐,1,立秋,第1候,2.5,1,1
2022/08/07,16,14-1,狗骨仔,2,立秋,第1候,2.5,2,3
2022/08/07,17,15,萬桃花,1,立秋,第1候,2.5,2,3
2022/08/07,18,16,山油麻,1,立秋,第1候,2.5,3,3
2022/08/07,19,17,構樹,1,立秋,第1候,2.5,1,1
2022/08/07,21,19,白匏子,1,立秋,第1候,2.5,1,1
2022/08/07,23,20,白匏子,1,立秋,第1候,2.5,2,1
2022/08/07,24,21,苦楝,1,立秋,第1候,3,1,2
2022/08/07,25,21-1,白毛臭牡丹,2,立秋,第1候,2.5,1,2
2022/08/07,26,22,狗骨仔,2,立秋,第1候,2.5,2,1
2022/08/07,27,23,降真香,1,立秋,第1候,2.5,3,3
2022/08/07,28,24,小錦蘭,3,立秋,第1候,2.5,2,1
2022/08/07,29,25,雙面刺,3,立秋,第1候,2.5,1,3
2022/08/07,30,25-1,紅珠藤,3,立秋,第1候,2.5,1,3
2022/08/07,31,26,大青,2,立秋,第1候,2.5,1,2
2022/08/07,33,27,球花嘉賜木,1,立秋,第1候,2.5,1,1
2022/08/07,34,28,球花嘉賜木,1,立秋,第1候,2.5,1,1
2022/08/07,35,29,台灣野茉莉,2,立秋,第1候,2.5,1,3
2022/08/07,36,30,對面花,2,立秋,第1候,2,1,1
2022/08/07,37,31,狗花椒,1,立秋,第1候,2.5,2,1
2022/08/07,38,32,毛瓣蝴蝶木,2,立秋,第1候,2.5,1,1
2022/08/07,40,33,狗花椒,1,立秋,第1候,2.5,2,1
2022/08/07,41,34,狗花椒,1,立秋,第1候,2.5,2,1
2022/08/07,42,35,羊角藤,3,立秋,第1候,2.5,3,1
2022/08/07,43,36,朴樹,1,立秋,第1候,3,1,2
2022/08/07,44,37,裡白巴豆,2,立秋,第1候,2.5,2,1
2022/08/07,45,38,土密,1,立秋,第1候,2.5,2,1
2022/08/07,46,39,樟樹,1,立秋,第1候,2.5,1,3
2022/08/21,1,0,緬梔,1,立秋,第3候,2.5,3,1
2022/08/21,2,1,小梗木薑子,1,立秋,第3候,2.5,2,1
2022/08/21,3,2,相思樹,1,立秋,第3候,2.5,1,1
2022/08/21,4,3,降真香,1,立秋,第3候,2.5,3,3
2022/08/21,5,4,球花嘉賜木,1,立秋,第3候,2.5,1,1
2022/08/21,6,5,血桐,1,立秋,第3候,3,1,1
2022/08/21,7,6,灰木,2,立秋,第3候,3,1,2
2022/08/21,8,7,狗骨仔,1,立秋,第3候,2.5,1,1
2022/08/21,9,8,狗骨仔,2,立秋,第3候,2.5,1,2
2022/08/21,10,9,紅脈赤楠,1,立秋,第3候,2.5,1,1
2022/08/21,11,10,台灣山桂花,2,立秋,第3候,2.5,1,2
2022/08/21,12,11,細葉饅頭果,1,立秋,第3候,2.5,1,1
2022/08/21,13,12,球花嘉賜木,1,立秋,第3候,2.5,1,1
2022/08/21,14,13,相思樹,1,立秋,第3候,2.5,1,1
2022/08/21,15,14,血桐,1,立秋,第3候,2.5,1,1
2022/08/21,16,14-1,狗骨仔,2,立秋,第3候,2.5,2,3
2022/08/21,17,15,萬桃花,1,立秋,第3候,2.5,2,3
2022/08/21,18,16,山油麻,1,立秋,第3候,2.5,3,3
2022/08/21,19,17,構樹,1,立秋,第3候,2.5,1,1
2022/08/21,21,19,白匏子,1,立秋,第3候,2.5,1,1
2022/08/21,23,20,白匏子,1,立秋,第3候,2.5,2,1
2022/08/21,24,21,苦楝,1,立秋,第3候,3,1,2
2022/08/21,25,21-1,白毛臭牡丹,2,立秋,第3候,2.5,2,1
2022/08/21,26,22,狗骨仔,2,立秋,第3候,2.5,2,1
2022/08/21,27,23,降真香,1,立秋,第3候,2.5,3,3
2022/08/21,28,24,小錦蘭,3,立秋,第3候,2.5,2,1
2022/08/21,29,25,雙面刺,3,立秋,第3候,2.5,1,3
2022/08/21,30,25-1,紅珠藤,3,立秋,第3候,2.5,1,1
2022/08/21,31,26,大青,2,立秋,第3候,2.5,1,2
2022/08/21,33,27,球花嘉賜木,1,立秋,第3候,2.5,1,1
2022/08/21,34,28,球花嘉賜木,1,立秋,第3候,2.5,1,1
2022/08/21,35,29,台灣野茉莉,2,立秋,第3候,2.5,1,3
2022/08/21,36,30,對面花,2,立秋,第3候,2,1,1
2022/08/21,37,31,狗花椒,1,立秋,第3候,2.5,2,1
2022/08/21,38,32,毛瓣蝴蝶木,2,立秋,第3候,3,1,1
2022/08/21,40,33,狗花椒,1,立秋,第3候,2.5,2,1
2022/08/21,41,34,狗花椒,1,立秋,第3候,2.5,2,1
2022/08/21,42,35,羊角藤,3,立秋,第3候,2.5,2,1
2022/08/21,43,36,朴樹,1,立秋,第3候,3,1,2
2022/08/21,44,37,裡白巴豆,2,立秋,第3候,2.5,2,1
2022/08/21,45,38,土密,1,立秋,第3候,2.5,2,1
2022/08/21,46,39,樟樹,1,立秋,第3候,2.5,1,3
2022/08/28,1,0,緬梔,1,處暑,第2候,2.5,3,1
2022/08/28,2,1,小梗木薑子,1,處暑,第2候,2.5,2,1
2022/08/28,3,2,相思樹,1,處暑,第2候,2.5,1,1
2022/08/28,4,3,降真香,1,處暑,第2候,2.5,3,3
2022/08/28,5,4,球花嘉賜木,1,處暑,第2候,2.5,1,1
2022/08/28,6,5,血桐,1,處暑,第2候,3,1,1
2022/08/28,7,6,灰木,2,處暑,第2候,2.5,1,2
2022/08/28,8,7,狗骨仔,1,處暑,第2候,2.5,1,1
2022/08/28,9,8,狗骨仔,2,處暑,第2候,2.5,1,2
2022/08/28,10,9,紅脈赤楠,1,處暑,第2候,2.5,1,1
2022/08/28,11,10,台灣山桂花,2,處暑,第2候,2.5,1,2
2022/08/28,12,11,細葉饅頭果,1,處暑,第2候,2.5,2,1
2022/08/28,13,12,球花嘉賜木,1,處暑,第2候,2.5,1,1
2022/08/28,14,13,相思樹,1,處暑,第2候,2.5,1,1
2022/08/28,15,14,血桐,1,處暑,第2候,2.5,2,1
2022/08/28,16,14-1,狗骨仔,2,處暑,第2候,2.5,2,3
2022/08/28,17,15,萬桃花,1,處暑,第2候,2.5,2,3
2022/08/28,18,16,山油麻,1,處暑,第2候,2.5,3,3
2022/08/28,19,17,構樹,1,處暑,第2候,2.5,1,1
2022/08/28,21,19,白匏子,1,處暑,第2候,2.5,1,1
2022/08/28,23,20,白匏子,1,處暑,第2候,2.5,2,1
2022/08/28,24,21,苦楝,1,處暑,第2候,3,1,2
2022/08/28,25,21-1,白毛臭牡丹,2,處暑,第2候,2.5,1,1
2022/08/28,26,22,狗骨仔,2,處暑,第2候,2.5,2,1
2022/08/28,27,23,降真香,1,處暑,第2候,2.5,3,3
2022/08/28,28,24,小錦蘭,3,處暑,第2候,2.5,2,1
2022/08/28,29,25,雙面刺,3,處暑,第2候,2.5,1,3
2022/08/28,30,25-1,紅珠藤,3,處暑,第2候,2.5,1,1
2022/08/28,31,26,大青,2,處暑,第2候,2.5,1,2
2022/08/28,33,27,球花嘉賜木,1,處暑,第2候,2.5,1,1
2022/08/28,34,28,球花嘉賜木,1,處暑,第2候,2.5,1,1
2022/08/28,35,29,台灣野茉莉,2,處暑,第2候,2.5,1,2
2022/08/28,36,30,對面花,2,處暑,第2候,2.5,1,1
2022/08/28,37,31,狗花椒,1,處暑,第2候,2.5,2,1
2022/08/28,38,32,毛瓣蝴蝶木,2,處暑,第2候,3,1,1
2022/08/28,40,33,狗花椒,1,處暑,第2候,2.5,2,1
2022/08/28,41,34,狗花椒,1,處暑,第2候,2.5,2,1
2022/08/28,42,35,羊角藤,3,處暑,第2候,2.5,2,1
2022/08/28,43,36,朴樹,1,處暑,第2候,2.5,1,2
2022/08/28,44,37,裡白巴豆,2,處暑,第2候,2.5,2,1
2022/08/28,45,38,土密,1,處暑,第2候,2.5,3,1
2022/08/28,46,39,樟樹,1,處暑,第2候,2.5,1,3
2022/09/04,1,0,緬梔,1,處暑,第3候,2.5,3,1
2022/09/04,2,1,小梗木薑子,1,處暑,第3候,3,2,1
2022/09/04,3,2,相思樹,1,處暑,第3候,2.5,1,1
2022/09/04,4,3,降真香,1,處暑,第3候,3,3,3
2022/09/04,5,4,球花嘉賜木,1,處暑,第3候,2.5,1,1
2022/09/04,6,5,血桐,1,處暑,第3候,2.5,1,1
2022/09/04,7,6,灰木,2,處暑,第3候,2.5,1,2
2022/09/04,8,7,狗骨仔,1,處暑,第3候,2.5,1,1
2022/09/04,9,8,狗骨仔,2,處暑,第3候,2.5,1,2
2022/09/04,10,9,紅脈赤楠,1,處暑,第3候,2.5,1,1
2022/09/04,11,10,台灣山桂花,2,處暑,第3候,2.5,1,2
2022/09/04,12,11,細葉饅頭果,1,處暑,第3候,2.5,2,1
2022/09/04,13,12,球花嘉賜木,1,處暑,第3候,2.5,1,1
2022/09/04,14,13,相思樹,1,處暑,第3候,2.5,1,1
2022/09/04,15,14,血桐,1,處暑,第3候,3,1,1
2022/09/04,16,14-1,狗骨仔,2,處暑,第3候,2.5,2,3
2022/09/04,17,15,萬桃花,1,處暑,第3候,0.5,2,3
2022/09/04,18,16,山油麻,1,處暑,第3候,2.5,3,3
2022/09/04,19,17,構樹,1,處暑,第3候,3,1,1
2022/09/04,21,19,白匏子,1,處暑,第3候,2.5,2,1
2022/09/04,23,20,白匏子,1,處暑,第3候,2.5,2,1
2022/09/04,24,21,苦楝,1,處暑,第3候,2.5,1,2
2022/09/04,25,21-1,白毛臭牡丹,2,處暑,第3候,2.5,1,1
2022/09/04,26,22,狗骨仔,2,處暑,第3候,2.5,2,1
2022/09/04,27,23,降真香,1,處暑,第3候,3,3,3
2022/09/04,28,24,小錦蘭,3,處暑,第3候,2.5,2,1
2022/09/04,29,25,雙面刺,3,處暑,第3候,2.5,1,3
2022/09/04,30,25-1,紅珠藤,3,處暑,第3候,2.5,1,1
2022/09/04,31,26,大青,2,處暑,第3候,2.5,1,1
2022/09/04,32,26-1,狗花椒,1,處暑,第3候,2.5,1,3
2022/09/04,33,27,球花嘉賜木,1,處暑,第3候,2.5,1,1
2022/09/04,34,28,球花嘉賜木,1,處暑,第3候,2.5,1,1
2022/09/04,35,29,台灣野茉莉,2,處暑,第3候,2.5,1,2
2022/09/04,36,30,對面花,2,處暑,第3候,2.5,1,1
2022/09/04,37,31,狗花椒,1,處暑,第3候,2.5,2,1
2022/09/04,38,32,毛瓣蝴蝶木,2,處暑,第3候,3,1,1
2022/09/04,39,32-1,厚殼樹,1,處暑,第3候,3,2,2
2022/09/04,40,33,狗花椒,1,處暑,第3候,2.5,2,1
2022/09/04,41,34,狗花椒,1,處暑,第3候,2.5,2,1
2022/09/04,42,35,羊角藤,3,處暑,第3候,2.5,1,2
2022/09/04,43,36,朴樹,1,處暑,第3候,3,1,1
2022/09/04,44,37,裡白巴豆,2,處暑,第3候,2.5,2,2
2022/09/04,45,38,土密,1,處暑,第3候,2.5,3,1
2022/09/04,46,39,樟樹,1,處暑,第3候,2.5,1,3
2022/09/18,1,0,緬梔,1,白露,第3候,3,2,1
2022/09/18,2,1,小梗木薑子,1,白露,第3候,3,2,1
2022/09/18,3,2,相思樹,1,白露,第3候,2.5,1,1
2022/09/18,4,3,降真香,1,白露,第3候,3,2,3
2022/09/18,5,4,球花嘉賜木,1,白露,第3候,2.5,1,1
2022/09/18,6,5,血桐,1,白露,第3候,2.5,1,1
2022/09/18,7,6,灰木,2,白露,第3候,3,1,1
2022/09/18,8,7,狗骨仔,1,白露,第3候,2.5,1,1
2022/09/18,9,8,狗骨仔,2,白露,第3候,2.5,1,2
2022/09/18,10,9,紅脈赤楠,1,白露,第3候,2.5,1,1
2022/09/18,11,10,台灣山桂花,2,白露,第3候,2.5,1,2
2022/09/18,12,11,細葉饅頭果,1,白露,第3候,2.5,3,1
2022/09/18,13,12,球花嘉賜木,1,白露,第3候,2.5,1,1
2022/09/18,14,13,相思樹,1,白露,第3候,2.5,1,1
2022/09/18,15,14,血桐,1,白露,第3候,2.5,1,1
2022/09/18,16,14-1,狗骨仔,2,白露,第3候,2.5,2,3
2022/09/18,17,15,萬桃花,1,白露,第3候,0.5,2,3
2022/09/18,18,16,山油麻,1,白露,第3候,2.5,3,3
2022/09/18,19,17,構樹,1,白露,第3候,3,1,1
2022/09/18,21,19,白匏子,1,白露,第3候,2.5,2,1
2022/09/18,23,20,白匏子,1,白露,第3候,2.5,2,1
2022/09/18,24,21,苦楝,1,白露,第3候,2.5,1,2
2022/09/18,25,21-1,白毛臭牡丹,2,白露,第3候,2.5,2,1
2022/09/18,26,22,狗骨仔,2,白露,第3候,2.5,2,1
2022/09/18,27,23,降真香,1,白露,第3候,3,2,3
2022/09/18,28,24,小錦蘭,3,白露,第3候,3,2,1
2022/09/18,29,25,雙面刺,3,白露,第3候,2.5,1,3
2022/09/18,30,25-1,紅珠藤,3,白露,第3候,2.5,1,1
2022/09/18,31,26,大青,2,白露,第3候,2.5,1,1
2022/09/18,32,26-1,狗花椒,1,白露,第3候,2.5,1,3
2022/09/18,33,27,球花嘉賜木,1,白露,第3候,2.5,1,1
2022/09/18,34,28,球花嘉賜木,1,白露,第3候,2.5,1,1
2022/09/18,35,29,台灣野茉莉,2,白露,第3候,2.5,1,1
2022/09/18,36,30,對面花,2,白露,第3候,2.5,1,1
2022/09/18,37,31,狗花椒,1,白露,第3候,2.5,2,1
2022/09/18,38,32,毛瓣蝴蝶木,2,白露,第3候,3,1,1
2022/09/18,39,32-1,厚殼樹,1,白露,第3候,3,2,2
2022/09/18,40,33,狗花椒,1,白露,第3候,2.5,2,1
2022/09/18,41,34,狗花椒,1,白露,第3候,2.5,2,1
2022/09/18,42,35,羊角藤,3,白露,第3候,2.5,1,2
2022/09/18,43,36,朴樹,1,白露,第3候,3,1,1
2022/09/18,44,37,裡白巴豆,2,白露,第3候,2.5,2,2
2022/09/18,45,38,土密,1,白露,第3候,2.5,3,1
2022/09/18,46,39,樟樹,1,白露,第3候,2.5,1,1
2022/09/25,1,0,緬梔,1,秋分,第1候,3,2,1
2022/09/25,2,1,小梗木薑子,1,秋分,第1候,3,2,1
2022/09/25,3,2,相思樹,1,秋分,第1候,2.5,1,1
2022/09/25,4,3,降真香,1,秋分,第1候,3,2,3
2022/09/25,5,4,球花嘉賜木,1,秋分,第1候,2.5,1,1
2022/09/25,6,5,血桐,1,秋分,第1候,2.5,1,1
2022/09/25,7,6,灰木,2,秋分,第1候,3,1,1
2022/09/25,8,7,狗骨仔,1,秋分,第1候,2.5,1,1
2022/09/25,9,8,狗骨仔,2,秋分,第1候,2.5,1,2
2022/09/25,10,9,紅脈赤楠,1,秋分,第1候,2.5,1,1
2022/09/25,11,10,台灣山桂花,2,秋分,第1候,2.5,1,2
2022/09/25,12,11,細葉饅頭果,1,秋分,第1候,2.5,3,1
2022/09/25,13,12,球花嘉賜木,1,秋分,第1候,2.5,1,1
2022/09/25,14,13,相思樹,1,秋分,第1候,2.5,1,1
2022/09/25,15,14,血桐,1,秋分,第1候,2.5,1,1
2022/09/25,16,14-1,狗骨仔,2,秋分,第1候,2.5,2,3
2022/09/25,17,15,萬桃花,1,秋分,第1候,0.5,2,3
2022/09/25,18,16,山油麻,1,秋分,第1候,2.5,2,3
2022/09/25,19,17,構樹,1,秋分,第1候,3,1,1
2022/09/25,21,19,白匏子,1,秋分,第1候,2.5,2,1
2022/09/25,22,19-1,白匏子,1,秋分,第1候,2.5,3,1
2022/09/25,23,20,白匏子,1,秋分,第1候,2.5,2,1
2022/09/25,24,21,苦楝,1,秋分,第1候,2.5,1,2
2022/09/25,25,21-1,白毛臭牡丹,2,秋分,第1候,2.5,2,1
2022/09/25,26,22,狗骨仔,2,秋分,第1候,2.5,2,1
2022/09/25,27,23,降真香,1,秋分,第1候,3,2,3
2022/09/25,28,24,小錦蘭,3,秋分,第1候,3,2,1
2022/09/25,29,25,雙面刺,3,秋分,第1候,2.5,1,3
2022/09/25,30,25-1,紅珠藤,3,秋分,第1候,2.5,1,1
2022/09/25,31,26,大青,2,秋分,第1候,2.5,1,1
2022/09/25,32,26-1,狗花椒,1,秋分,第1候,2.5,1,3
2022/09/25,33,27,球花嘉賜木,1,秋分,第1候,2.5,1,1
2022/09/25,34,28,球花嘉賜木,1,秋分,第1候,2.5,1,1
2022/09/25,35,29,台灣野茉莉,2,秋分,第1候,2.5,1,1
2022/09/25,36,30,對面花,2,秋分,第1候,2.5,1,1
2022/09/25,37,31,狗花椒,1,秋分,第1候,2.5,2,1
2022/09/25,38,32,毛瓣蝴蝶木,2,秋分,第1候,3,1,1
2022/09/25,39,32-1,厚殼樹,1,秋分,第1候,3,2,2
2022/09/25,40,33,狗花椒,1,秋分,第1候,2.5,2,1
2022/09/25,41,34,狗花椒,1,秋分,第1候,2.5,2,1
2022/09/25,42,35,羊角藤,3,秋分,第1候,2.5,1,2
2022/09/25,43,36,朴樹,1,秋分,第1候,3,1,1
2022/09/25,44,37,裡白巴豆,2,秋分,第1候,2.5,2,1
2022/09/25,45,38,土密,1,秋分,第1候,2.5,3,1
2022/09/25,46,39,樟樹,1,秋分,第1候,2.5,1,1
2022/10/01,1,0,緬梔,1,秋分,第2候,3,2,1
2022/10/01,2,1,小梗木薑子,1,秋分,第2候,2.5,2,1
2022/10/01,3,2,相思樹,1,秋分,第2候,3,1,1
2022/10/01,4,3,降真香,1,秋分,第2候,2.5,2,3
2022/10/01,5,4,球花嘉賜木,1,秋分,第2候,2.5,1,1
2022/10/01,6,5,血桐,1,秋分,第2候,2.5,1,1
2022/10/01,7,6,灰木,2,秋分,第2候,3,1,1
2022/10/01,8,7,狗骨仔,1,秋分,第2候,2.5,1,1
2022/10/01,9,8,狗骨仔,2,秋分,第2候,2.5,1,2
2022/10/01,10,9,紅脈赤楠,1,秋分,第2候,2.5,1,1
2022/10/01,11,10,台灣山桂花,2,秋分,第2候,2.5,1,2
2022/10/01,12,11,細葉饅頭果,1,秋分,第2候,2.5,3,1
2022/10/01,13,12,球花嘉賜木,1,秋分,第2候,2.5,1,1
2022/10/01,14,13,相思樹,1,秋分,第2候,2.5,1,1
2022/10/01,15,14,血桐,1,秋分,第2候,2.5,1,1
2022/10/01,16,14-1,狗骨仔,2,秋分,第2候,2.5,2,3
2022/10/01,17,15,萬桃花,1,秋分,第2候,0.5,1,3
2022/10/01,18,16,山油麻,1,秋分,第2候,2.5,2,3
2022/10/01,19,17,構樹,1,秋分,第2候,2.5,1,1
2022/10/01,21,19,白匏子,1,秋分,第2候,2.5,3,1
2022/10/01,22,19-1,白匏子,1,秋分,第2候,2.5,3,1
2022/10/01,23,20,白匏子,1,秋分,第2候,2.5,3,1
2022/10/01,24,21,苦楝,1,秋分,第2候,3,1,2
2022/10/01,25,21-1,白毛臭牡丹,2,秋分,第2候,2.5,3,1
2022/10/01,26,22,狗骨仔,2,秋分,第2候,2.5,2,1
2022/10/01,27,23,降真香,1,秋分,第2候,2.5,2,3
2022/10/01,28,24,小錦蘭,3,秋分,第2候,2.5,2,1
2022/10/01,29,25,雙面刺,3,秋分,第2候,2.5,1,3
2022/10/01,30,25-1,紅珠藤,3,秋分,第2候,2.5,1,1
2022/10/01,31,26,大青,2,秋分,第2候,2.5,1,1
2022/10/01,32,26-1,狗花椒,1,秋分,第2候,2.5,1,3
2022/10/01,33,27,球花嘉賜木,1,秋分,第2候,2.5,1,1
2022/10/01,34,28,球花嘉賜木,1,秋分,第2候,2.5,1,1
2022/10/01,35,29,台灣野茉莉,2,秋分,第2候,2.5,1,1
2022/10/01,36,30,對面花,2,秋分,第2候,2.5,1,1
2022/10/01,37,31,狗花椒,1,秋分,第2候,2.5,2,1
2022/10/01,38,32,毛瓣蝴蝶木,2,秋分,第2候,3,1,1
2022/10/01,39,32-1,厚殼樹,1,秋分,第2候,2.5,2,2
2022/10/01,40,33,狗花椒,1,秋分,第2候,2.5,1,1
2022/10/01,41,34,狗花椒,1,秋分,第2候,2.5,3,1
2022/10/01,42,35,羊角藤,3,秋分,第2候,2.5,1,2
2022/10/01,43,36,朴樹,1,秋分,第2候,3,1,1
2022/10/01,44,37,裡白巴豆,2,秋分,第2候,2.5,2,1
2022/10/01,45,38,土密,1,秋分,第2候,2.5,3,1
2022/10/01,46,39,樟樹,1,秋分,第2候,2.5,1,1
2022/10/15,1,0,緬梔,1,寒露,第2候,3,2,1
2022/10/15,2,1,小梗木薑子,1,寒露,第2候,2.5,2,1
2022/10/15,3,2,相思樹,1,寒露,第2候,3,1,1
2022/10/15,4,3,降真香,1,寒露,第2候,2.5,2,3
2022/10/15,5,4,球花嘉賜木,1,寒露,第2候,2.5,1,1
2022/10/15,6,5,血桐,1,寒露,第2候,2.5,1,1
2022/10/15,7,6,灰木,2,寒露,第2候,3,1,1
2022/10/15,8,7,狗骨仔,1,寒露,第2候,2.5,1,1
2022/10/15,9,8,狗骨仔,2,寒露,第2候,2.5,1,2
2022/10/15,10,9,紅脈赤楠,1,寒露,第2候,2.5,1,1
2022/10/15,11,10,台灣山桂花,2,寒露,第2候,2.5,1,2
2022/10/15,12,11,細葉饅頭果,1,寒露,第2候,2.5,3,2
2022/10/15,13,12,球花嘉賜木,1,寒露,第2候,2.5,1,1
2022/10/15,14,13,相思樹,1,寒露,第2候,2.5,1,1
2022/10/15,15,14,血桐,1,寒露,第2候,2.5,1,1
2022/10/15,16,14-1,狗骨仔,2,寒露,第2候,2.5,1.5,3
2022/10/15,18,16,山油麻,1,寒露,第2候,2.5,2,3
2022/10/15,19,17,構樹,1,寒露,第2候,2.5,1,1
2022/10/15,21,19,白匏子,1,寒露,第2候,2.5,3,1
2022/10/15,22,19-1,白匏子,1,寒露,第2候,2.5,3,1
2022/10/15,23,20,白匏子,1,寒露,第2候,2.5,3,1
2022/10/15,24,21,苦楝,1,寒露,第2候,0.5,1,2
2022/10/15,25,21-1,白毛臭牡丹,2,寒露,第2候,2.5,1,3
2022/10/15,26,22,狗骨仔,2,寒露,第2候,2.5,1.5,1
2022/10/15,27,23,降真香,1,寒露,第2候,2.5,2,3
2022/10/15,28,24,小錦蘭,3,寒露,第2候,2.5,1.5,1
2022/10/15,29,25,雙面刺,3,寒露,第2候,2.5,1,3
2022/10/15,30,25-1,紅珠藤,3,寒露,第2候,2.5,1,1
2022/10/15,31,26,大青,2,寒露,第2候,2.5,1,1
2022/10/15,32,26-1,狗花椒,1,寒露,第2候,2.5,1,3
2022/10/15,33,27,球花嘉賜木,1,寒露,第2候,2.5,1,1
2022/10/15,34,28,球花嘉賜木,1,寒露,第2候,2.5,1,1
2022/10/15,35,29,台灣野茉莉,2,寒露,第2候,2.5,1,1
2022/10/15,36,30,對面花,2,寒露,第2候,2.5,1,1
2022/10/15,37,31,狗花椒,1,寒露,第2候,2.5,1,1
2022/10/15,38,32,毛瓣蝴蝶木,2,寒露,第2候,2.5,1,1
2022/10/15,39,32-1,厚殼樹,1,寒露,第2候,2.5,1,2
2022/10/15,40,33,狗花椒,1,寒露,第2候,2.5,1,1
2022/10/15,41,34,狗花椒,1,寒露,第2候,2.5,2,1
2022/10/15,42,35,羊角藤,3,寒露,第2候,2.5,1,2
2022/10/15,43,36,朴樹,1,寒露,第2候,3,1,1
2022/10/15,44,37,裡白巴豆,2,寒露,第2候,2.5,2,1
2022/10/15,45,38,土密,1,寒露,第2候,2.5,2,2
2022/10/15,46,39,樟樹,1,寒露,第2候,2.5,1,1
2022/10/30,1,0,緬梔,1,霜降,第2候,0.5,2,1
2022/10/30,2,1,小梗木薑子,1,霜降,第2候,2.5,2,1
2022/10/30,3,2,相思樹,1,霜降,第2候,2.5,1,1
2022/10/30,4,3,降真香,1,霜降,第2候,2.5,2,3
2022/10/30,5,4,球花嘉賜木,1,霜降,第2候,2.5,1.5,1
2022/10/30,6,5,血桐,1,霜降,第2候,2.5,1,1
2022/10/30,7,6,灰木,2,霜降,第2候,3,1,1
2022/10/30,8,7,狗骨仔,1,霜降,第2候,2.5,1,1
2022/10/30,9,8,狗骨仔,2,霜降,第2候,2.5,1,2
2022/10/30,10,9,紅脈赤楠,1,霜降,第2候,2.5,1,1
2022/10/30,11,10,台灣山桂花,2,霜降,第2候,2.5,1,2
2022/10/30,12,11,細葉饅頭果,1,霜降,第2候,3,2,2
2022/10/30,13,12,球花嘉賜木,1,霜降,第2候,2.5,1.5,1
2022/10/30,14,13,相思樹,1,霜降,第2候,2.5,1,1
2022/10/30,15,14,血桐,1,霜降,第2候,2.5,1,1
2022/10/30,16,14-1,狗骨仔,2,霜降,第2候,2.5,1.5,3
2022/10/30,17,15,萬桃花,1,霜降,第2候,2,1,3
2022/10/30,18,16,山油麻,1,霜降,第2候,2.5,1,3
2022/10/30,19,17,構樹,1,霜降,第2候,2.5,1,1
2022/10/30,21,19,白匏子,1,霜降,第2候,2.5,2,3
2022/10/30,22,19-1,白匏子,1,霜降,第2候,2.5,1,3
2022/10/30,23,20,白匏子,1,霜降,第2候,2.5,1,1
2022/10/30,24,21,苦楝,1,霜降,第2候,0.5,1,1
2022/10/30,25,21-1,白毛臭牡丹,2,霜降,第2候,2.5,2,3
2022/10/30,26,22,狗骨仔,2,霜降,第2候,2.5,1.5,1
2022/10/30,27,23,降真香,1,霜降,第2候,2.5,2,3
2022/10/30,28,24,小錦蘭,3,霜降,第2候,2.5,1.5,1
2022/10/30,29,25,雙面刺,3,霜降,第2候,2.5,1,2
2022/10/30,30,25-1,紅珠藤,3,霜降,第2候,2.5,1,1
2022/10/30,31,26,大青,2,霜降,第2候,2.5,1,1
2022/10/30,32,26-1,狗花椒,1,霜降,第2候,2.5,1,3
2022/10/30,33,27,球花嘉賜木,1,霜降,第2候,2.5,1.5,1
2022/10/30,34,28,球花嘉賜木,1,霜降,第2候,2.5,1.5,1
2022/10/30,35,29,台灣野茉莉,2,霜降,第2候,2.5,1,1
2022/10/30,36,30,對面花,2,霜降,第2候,2.5,1,1
2022/10/30,37,31,狗花椒,1,霜降,第2候,2.5,1,1
2022/10/30,38,32,毛瓣蝴蝶木,2,霜降,第2候,2.5,1,1
2022/10/30,39,32-1,厚殼樹,1,霜降,第2候,2.5,1,2
2022/10/30,40,33,狗花椒,1,霜降,第2候,2.5,1,1
2022/10/30,41,34,狗花椒,1,霜降,第2候,2.5,2,1
2022/10/30,42,35,羊角藤,3,霜降,第2候,2.5,1,2
2022/10/30,43,36,朴樹,1,霜降,第2候,3,1,1
2022/10/30,44,37,裡白巴豆,2,霜降,第2候,2.5,2,1
2022/10/30,45,38,土密,1,霜降,第2候,2.5,1,3
2022/10/30,46,39,樟樹,1,霜降,第2候,2.5,1,1
2022/11/13,1,0,緬梔,1,立冬,第2候,0.5,2,1
2022/11/13,2,1,小梗木薑子,1,立冬,第2候,3,2,1
2022/11/13,3,2,相思樹,1,立冬,第2候,2.5,1,1
2022/11/13,4,3,降真香,1,立冬,第2候,2.5,1,3
2022/11/13,5,4,球花嘉賜木,1,立冬,第2候,2.5,3,1
2022/11/13,6,5,血桐,1,立冬,第2候,2.5,1,1
2022/11/13,7,6,灰木,2,立冬,第2候,0.5,1,1
2022/11/13,8,7,狗骨仔,1,立冬,第2候,3,1,1
2022/11/13,9,8,狗骨仔,2,立冬,第2候,2.5,1,2
2022/11/13,10,9,紅脈赤楠,1,立冬,第2候,2.5,1,1
2022/11/13,11,10,台灣山桂花,2,立冬,第2候,2.5,1,2
2022/11/13,12,11,細葉饅頭果,1,立冬,第2候,3,2,2
2022/11/13,13,12,球花嘉賜木,1,立冬,第2候,2.5,3,1
2022/11/13,14,13,相思樹,1,立冬,第2候,2.5,1,1
2022/11/13,15,14,血桐,1,立冬,第2候,2.5,1,1
2022/11/13,16,14-1,狗骨仔,2,立冬,第2候,2.5,1.5,3
2022/11/13,17,15,萬桃花,1,立冬,第2候,2,1,3
2022/11/13,18,16,山油麻,1,立冬,第2候,2.5,1,3
2022/11/13,19,17,構樹,1,立冬,第2候,2.5,1,1
2022/11/13,21,19,白匏子,1,立冬,第2候,2.5,1,3
2022/11/13,22,19-1,白匏子,1,立冬,第2候,2.5,1,3
2022/11/13,23,20,白匏子,1,立冬,第2候,2.5,1,1
2022/11/13,24,21,苦楝,1,立冬,第2候,0.5,1,1
2022/11/13,25,21-1,白毛臭牡丹,2,立冬,第2候,3,2,3
2022/11/13,26,22,狗骨仔,2,立冬,第2候,2.5,2,1
2022/11/13,27,23,降真香,1,立冬,第2候,2.5,1,3
2022/11/13,28,24,小錦蘭,3,立冬,第2候,2.5,1.5,1
2022/11/13,29,25,雙面刺,3,立冬,第2候,2.5,1,1
2022/11/13,30,25-1,紅珠藤,3,立冬,第2候,2.5,1,1
2022/11/13,31,26,大青,2,立冬,第2候,2.5,1,1
2022/11/13,32,26-1,狗花椒,1,立冬,第2候,2.5,1,2
2022/11/13,33,27,球花嘉賜木,1,立冬,第2候,2.5,3,1
2022/11/13,34,28,球花嘉賜木,1,立冬,第2候,2.5,3,1
2022/11/13,35,29,台灣野茉莉,2,立冬,第2候,2.5,1,1
2022/11/13,36,30,對面花,2,立冬,第2候,2.5,1,1
2022/11/13,37,31,狗花椒,1,立冬,第2候,2.5,1,1
2022/11/13,38,32,毛瓣蝴蝶木,2,立冬,第2候,2.5,1,1
2022/11/13,39,32-1,厚殼樹,1,立冬,第2候,2.5,1,2
2022/11/13,40,33,狗花椒,1,立冬,第2候,2.5,1,1
2022/11/13,41,34,狗花椒,1,立冬,第2候,3,2,1
2022/11/13,42,35,羊角藤,3,立冬,第2候,2.5,1,2
2022/11/13,43,36,朴樹,1,立冬,第2候,3,1,1
2022/11/13,44,37,裡白巴豆,2,立冬,第2候,2.5,2,1
2022/11/13,45,38,土密,1,立冬,第2候,2.5,1,3
2022/11/13,46,39,樟樹,1,立冬,第2候,3,1,1
2022/11/19,1,0,緬梔,1,立冬,第3候,0.5,2,1
2022/11/19,2,1,小梗木薑子,1,立冬,第3候,3,2,1
2022/11/19,3,2,相思樹,1,立冬,第3候,3,1,1
2022/11/19,4,3,降真香,1,立冬,第3候,3,1,3
2022/11/19,5,4,球花嘉賜木,1,立冬,第3候,2.5,3,1
2022/11/19,6,5,血桐,1,立冬,第3候,2.5,1,1
2022/11/19,7,6,灰木,2,立冬,第3候,0.5,1,1
2022/11/19,8,7,狗骨仔,1,立冬,第3候,3,1,1
2022/11/19,9,8,狗骨仔,2,立冬,第3候,2.5,1,2
2022/11/19,10,9,紅脈赤楠,1,立冬,第3候,2.5,1,1
2022/11/19,11,10,台灣山桂花,2,立冬,第3候,2.5,1,2
2022/11/19,12,11,細葉饅頭果,1,立冬,第3候,3,1,2
2022/11/19,13,12,球花嘉賜木,1,立冬,第3候,2.5,3,1
2022/11/19,14,13,相思樹,1,立冬,第3候,2.5,1,1
2022/11/19,15,14,血桐,1,立冬,第3候,2.5,1,1
2022/11/19,16,14-1,狗骨仔,2,立冬,第3候,2.5,1.5,3
2022/11/19,18,16,山油麻,1,立冬,第3候,2.5,1,3
2022/11/19,19,17,構樹,1,立冬,第3候,2.5,1,1
2022/11/19,21,19,白匏子,1,立冬,第3候,2.5,1,3
2022/11/19,22,19-1,白匏子,1,立冬,第3候,2.5,1,3
2022/11/19,23,20,白匏子,1,立冬,第3候,2.5,1.5,1
2022/11/19,24,21,苦楝,1,立冬,第3候,0.5,1,1
2022/11/19,25,21-1,白毛臭牡丹,2,立冬,第3候,2.5,1,3
2022/11/19,26,22,狗骨仔,2,立冬,第3候,2.5,2,1
2022/11/19,27,23,降真香,1,立冬,第3候,2.5,1,3
2022/11/19,28,24,小錦蘭,3,立冬,第3候,2.5,1.5,1
2022/11/19,29,25,雙面刺,3,立冬,第3候,2.5,1,1
2022/11/19,30,25-1,紅珠藤,3,立冬,第3候,2.5,1,1
2022/11/19,31,26,大青,2,立冬,第3候,2.5,1,1
2022/11/19,32,26-1,狗花椒,1,立冬,第3候,2.5,1,2
2022/11/19,33,27,球花嘉賜木,1,立冬,第3候,2.5,3,1
2022/11/19,34,28,球花嘉賜木,1,立冬,第3候,2.5,3,1
2022/11/19,35,29,台灣野茉莉,2,立冬,第3候,0.5,1,1
2022/11/19,36,30,對面花,2,立冬,第3候,2.5,1,1
2022/11/19,37,31,狗花椒,1,立冬,第3候,3,1,1
2022/11/19,38,32,毛瓣蝴蝶木,2,立冬,第3候,2.5,1,1
2022/11/19,39,32-1,厚殼樹,1,立冬,第3候,2.5,1,2
2022/11/19,40,33,狗花椒,1,立冬,第3候,2.5,1,1
2022/11/19,41,34,狗花椒,1,立冬,第3候,3,2,1
2022/11/19,42,35,羊角藤,3,立冬,第3候,3,1,2
2022/11/19,43,36,朴樹,1,立冬,第3候,3,1,1
2022/11/19,44,37,裡白巴豆,2,立冬,第3候,2.5,2,1
2022/11/19,45,38,土密,1,立冬,第3候,3,1,3
2022/11/19,46,39,樟樹,1,立冬,第3候,3,1,1
2022/12/04,1,0,緬梔,1,小雪,第3候,0.5,2,1
2022/12/04,2,1,小梗木薑子,1,小雪,第3候,3,2,1
2022/12/04,3,2,相思樹,1,小雪,第3候,3,1,1
2022/12/04,4,3,降真香,1,小雪,第3候,3,1,3
2022/12/04,5,4,球花嘉賜木,1,小雪,第3候,3,1,1
2022/12/04,6,5,血桐,1,小雪,第3候,2.5,1,1
2022/12/04,7,6,灰木,2,小雪,第3候,0.5,1,1
2022/12/04,8,7,狗骨仔,1,小雪,第3候,3,1,1
2022/12/04,9,8,狗骨仔,2,小雪,第3候,2.5,1,2
2022/12/04,10,9,紅脈赤楠,1,小雪,第3候,3,1,1
2022/12/04,11,10,台灣山桂花,2,小雪,第3候,2.5,1,2
2022/12/04,12,11,細葉饅頭果,1,小雪,第3候,3,1,2
2022/12/04,13,12,球花嘉賜木,1,小雪,第3候,2.5,1,1
2022/12/04,14,13,相思樹,1,小雪,第3候,2.5,1,1
2022/12/04,15,14,血桐,1,小雪,第3候,2.5,1,1
2022/12/04,16,14-1,狗骨仔,2,小雪,第3候,2.5,1.5,3
2022/12/04,18,16,山油麻,1,小雪,第3候,2.5,1,3
2022/12/04,19,17,構樹,1,小雪,第3候,0.5,1,1
2022/12/04,21,19,白匏子,1,小雪,第3候,2.5,1,3
2022/12/04,22,19-1,白匏子,1,小雪,第3候,2.5,1,3
2022/12/04,23,20,白匏子,1,小雪,第3候,2.5,1,1
2022/12/04,24,21,苦楝,1,小雪,第3候,0.5,1,1
2022/12/04,25,21-1,白毛臭牡丹,2,小雪,第3候,2.5,1,2
2022/12/04,26,22,狗骨仔,2,小雪,第3候,2.5,2,1
2022/12/04,27,23,降真香,1,小雪,第3候,3,1,3
2022/12/04,28,24,小錦蘭,3,小雪,第3候,0.5,1.5,1
2022/12/04,29,25,雙面刺,3,小雪,第3候,2.5,1,1
2022/12/04,30,25-1,紅珠藤,3,小雪,第3候,2.5,1,1
2022/12/04,31,26,大青,2,小雪,第3候,2.5,1,1
2022/12/04,32,26-1,狗花椒,1,小雪,第3候,2.5,1,1
2022/12/04,33,27,球花嘉賜木,1,小雪,第3候,3,1.5,1
2022/12/04,34,28,球花嘉賜木,1,小雪,第3候,3,1,3
2022/12/04,35,29,台灣野茉莉,2,小雪,第3候,0.5,1,1
2022/12/04,36,30,對面花,2,小雪,第3候,2.5,1,1
2022/12/04,37,31,狗花椒,1,小雪,第3候,2.5,1,1
2022/12/04,38,32,毛瓣蝴蝶木,2,小雪,第3候,2.5,2,1
2022/12/04,39,32-1,厚殼樹,1,小雪,第3候,3,1,2
2022/12/04,40,33,狗花椒,1,小雪,第3候,2.5,1,1
2022/12/04,41,34,狗花椒,1,小雪,第3候,2.5,1,1
2022/12/04,42,35,羊角藤,3,小雪,第3候,3,1,2
2022/12/04,43,36,朴樹,1,小雪,第3候,3,1,1
2022/12/04,44,37,裡白巴豆,2,小雪,第3候,2.5,1,1
2022/12/04,45,38,土密,1,小雪,第3候,3,1,3
2022/12/04,46,39,樟樹,1,小雪,第3候,3,1,1
2022/12/11,1,0,緬梔,1,大雪,第1候,0.5,2,1
2022/12/11,2,1,小梗木薑子,1,大雪,第1候,3,1,1
2022/12/11,3,2,相思樹,1,大雪,第1候,0.5,1,1
2022/12/11,4,3,降真香,1,大雪,第1候,3,1,3
2022/12/11,5,4,球花嘉賜木,1,大雪,第1候,3,1,1
2022/12/11,6,5,血桐,1,大雪,第1候,2.5,1,1
2022/12/11,7,6,灰木,2,大雪,第1候,0.5,1,1
2022/12/11,8,7,狗骨仔,1,大雪,第1候,3,1,1
2022/12/11,9,8,狗骨仔,2,大雪,第1候,2.5,1,2
2022/12/11,10,9,紅脈赤楠,1,大雪,第1候,3,1,1
2022/12/11,11,10,台灣山桂花,2,大雪,第1候,2.5,1,2
2022/12/11,12,11,細葉饅頭果,1,大雪,第1候,3,1,2
2022/12/11,13,12,球花嘉賜木,1,大雪,第1候,2.5,1,1
2022/12/11,14,13,相思樹,1,大雪,第1候,2.5,1,1
2022/12/11,15,14,血桐,1,大雪,第1候,2.5,1,1
2022/12/11,16,14-1,狗骨仔,2,大雪,第1候,2.5,1.5,3
2022/12/11,18,16,山油麻,1,大雪,第1候,2.5,1,3
2022/12/11,19,17,構樹,1,大雪,第1候,0.5,1,1
2022/12/11,21,19,白匏子,1,大雪,第1候,2.5,1,3
2022/12/11,22,19-1,白匏子,1,大雪,第1候,2.5,1,3
2022/12/11,23,20,白匏子,1,大雪,第1候,2.5,1,1
2022/12/11,24,21,苦楝,1,大雪,第1候,0.5,1,1
2022/12/11,25,21-1,白毛臭牡丹,2,大雪,第1候,2.5,1,2
2022/12/11,26,22,狗骨仔,2,大雪,第1候,2.5,2,1
2022/12/11,27,23,降真香,1,大雪,第1候,3,1,3
2022/12/11,28,24,小錦蘭,3,大雪,第1候,0.5,1.5,1
2022/12/11,29,25,雙面刺,3,大雪,第1候,2.5,1,1
2022/12/11,30,25-1,紅珠藤,3,大雪,第1候,2.5,1,1
2022/12/11,31,26,大青,2,大雪,第1候,2.5,1,1
2022/12/11,32,26-1,狗花椒,1,大雪,第1候,2.5,1,1
2022/12/11,33,27,球花嘉賜木,1,大雪,第1候,3,1.5,1
2022/12/11,34,28,球花嘉賜木,1,大雪,第1候,3,1,3
2022/12/11,35,29,台灣野茉莉,2,大雪,第1候,0.5,1,1
2022/12/11,36,30,對面花,2,大雪,第1候,2.5,1,1
2022/12/11,37,31,狗花椒,1,大雪,第1候,2.5,1,1
2022/12/11,38,32,毛瓣蝴蝶木,2,大雪,第1候,2.5,2,1
2022/12/11,39,32-1,厚殼樹,1,大雪,第1候,0.5,1,2
2022/12/11,40,33,狗花椒,1,大雪,第1候,2.5,1,1
2022/12/11,41,34,狗花椒,1,大雪,第1候,2.5,1,1
2022/12/11,42,35,羊角藤,3,大雪,第1候,3,1,2
2022/12/11,43,36,朴樹,1,大雪,第1候,3,1,1
2022/12/11,44,37,裡白巴豆,2,大雪,第1候,2.5,1,1
2022/12/11,45,38,土密,1,大雪,第1候,3,1,3
2022/12/11,46,39,樟樹,1,大雪,第1候,3,1,1
2022/12/18,1,0,緬梔,1,大雪,第3候,0.5,2,1
2022/12/18,2,1,小梗木薑子,1,大雪,第3候,3,1,1
2022/12/18,3,2,相思樹,1,大雪,第3候,2.5,1,1
2022/12/18,4,3,降真香,1,大雪,第3候,3,1,3
2022/12/18,5,4,球花嘉賜木,1,大雪,第3候,3,1,1
2022/12/18,6,5,血桐,1,大雪,第3候,2.5,1,1
2022/12/18,7,6,灰木,2,大雪,第3候,0.5,1,1
2022/12/18,8,7,狗骨仔,1,大雪,第3候,3,1,1
2022/12/18,9,8,狗骨仔,2,大雪,第3候,2.5,1,2
2022/12/18,10,9,紅脈赤楠,1,大雪,第3候,3,1,1
2022/12/18,11,10,台灣山桂花,2,大雪,第3候,2.5,1,2
2022/12/18,12,11,細葉饅頭果,1,大雪,第3候,3,1,2
2022/12/18,13,12,球花嘉賜木,1,大雪,第3候,2.5,1,1
2022/12/18,14,13,相思樹,1,大雪,第3候,2.5,1,1
2022/12/18,15,14,血桐,1,大雪,第3候,2.5,1,1
2022/12/18,16,14-1,狗骨仔,2,大雪,第3候,2.5,1.5,3
2022/12/18,18,16,山油麻,1,大雪,第3候,2.5,1,3
2022/12/18,19,17,構樹,1,大雪,第3候,0.5,1,1
2022/12/18,21,19,白匏子,1,大雪,第3候,2.5,1,3
2022/12/18,22,19-1,白匏子,1,大雪,第3候,2.5,1,3
2022/12/18,23,20,白匏子,1,大雪,第3候,2.5,1,1
2022/12/18,24,21,苦楝,1,大雪,第3候,0.5,1,1
2022/12/18,25,21-1,白毛臭牡丹,2,大雪,第3候,2.5,1,2
2022/12/18,26,22,狗骨仔,2,大雪,第3候,2.5,2,1
2022/12/18,27,23,降真香,1,大雪,第3候,3,1,3
2022/12/18,28,24,小錦蘭,3,大雪,第3候,0.5,1.5,1
2022/12/18,29,25,雙面刺,3,大雪,第3候,3,1,1
2022/12/18,30,25-1,紅珠藤,3,大雪,第3候,2.5,1,1
2022/12/18,31,26,大青,2,大雪,第3候,2.5,1,1
2022/12/18,32,26-1,狗花椒,1,大雪,第3候,2.5,1,1
2022/12/18,33,27,球花嘉賜木,1,大雪,第3候,3,1.5,1
2022/12/18,34,28,球花嘉賜木,1,大雪,第3候,3,1,3
2022/12/18,35,29,台灣野茉莉,2,大雪,第3候,0.5,1,1
2022/12/18,36,30,對面花,2,大雪,第3候,2.5,1,1
2022/12/18,37,31,狗花椒,1,大雪,第3候,2.5,1,1
2022/12/18,38,32,毛瓣蝴蝶木,2,大雪,第3候,2.5,2,1
2022/12/18,39,32-1,厚殼樹,1,大雪,第3候,0.5,1,2
2022/12/18,40,33,狗花椒,1,大雪,第3候,2.5,1,1
2022/12/18,41,34,狗花椒,1,大雪,第3候,2.5,1,1
2022/12/18,42,35,羊角藤,3,大雪,第3候,3,1,2
2022/12/18,43,36,朴樹,1,大雪,第3候,3,1,1
2022/12/18,44,37,裡白巴豆,2,大雪,第3候,2.5,1,1
2022/12/18,45,38,土密,1,大雪,第3候,3,1,3
2022/12/18,46,39,樟樹,1,大雪,第3候,3,1,1
2023/01/01,1,0,緬梔,1,冬至,第3候,0.5,2,1
2023/01/01,2,1,小梗木薑子,1,冬至,第3候,3,1,2
2023/01/01,3,2,相思樹,1,冬至,第3候,3,1,1
2023/01/01,4,3,降真香,1,冬至,第3候,3,1,3
2023/01/01,5,4,球花嘉賜木,1,冬至,第3候,3,1,1
2023/01/01,6,5,血桐,1,冬至,第3候,2.5,1,1
2023/01/01,7,6,灰木,2,冬至,第3候,0.5,1,1
2023/01/01,8,7,狗骨仔,1,冬至,第3候,3,1,1
2023/01/01,9,8,狗骨仔,2,冬至,第3候,2.5,1,2
2023/01/01,10,9,紅脈赤楠,1,冬至,第3候,3,1,1
2023/01/01,11,10,台灣山桂花,2,冬至,第3候,2.5,1.5,2
2023/01/01,12,11,細葉饅頭果,1,冬至,第3候,3,1,2
2023/01/01,13,12,球花嘉賜木,1,冬至,第3候,2.5,1,1
2023/01/01,14,13,相思樹,1,冬至,第3候,2.5,2,1
2023/01/01,15,14,血桐,1,冬至,第3候,2.5,1,1
2023/01/01,16,14-1,狗骨仔,2,冬至,第3候,2.5,1.5,3
2023/01/01,18,16,山油麻,1,冬至,第3候,2.5,1,2
2023/01/01,19,17,構樹,1,冬至,第3候,0.5,1,1
2023/01/01,21,19,白匏子,1,冬至,第3候,2.5,1,2
2023/01/01,22,19-1,白匏子,1,冬至,第3候,2.5,1,2
2023/01/01,23,20,白匏子,1,冬至,第3候,2.5,1,1
2023/01/01,24,21,苦楝,1,冬至,第3候,0.5,1,1
2023/01/01,25,21-1,白毛臭牡丹,2,冬至,第3候,0.5,1,2
2023/01/01,26,22,狗骨仔,2,冬至,第3候,2.5,2,1
2023/01/01,27,23,降真香,1,冬至,第3候,2.5,1,3
2023/01/01,28,24,小錦蘭,3,冬至,第3候,0.5,1.5,1
2023/01/01,29,25,雙面刺,3,冬至,第3候,0.5,1,1
2023/01/01,30,25-1,紅珠藤,3,冬至,第3候,2.5,1,1
2023/01/01,31,26,大青,2,冬至,第3候,2.5,1,1
2023/01/01,32,26-1,狗花椒,1,冬至,第3候,2.5,1,1
2023/01/01,33,27,球花嘉賜木,1,冬至,第3候,3,1.5,1
2023/01/01,34,28,球花嘉賜木,1,冬至,第3候,3,1,3
2023/01/01,35,29,台灣野茉莉,2,冬至,第3候,0.5,1,1
2023/01/01,36,30,對面花,2,冬至,第3候,2.5,1,1
2023/01/01,37,31,狗花椒,1,冬至,第3候,2.5,1,1
2023/01/01,38,32,毛瓣蝴蝶木,2,冬至,第3候,2.5,1.5,1
2023/01/01,39,32-1,厚殼樹,1,冬至,第3候,0.5,1,2
2023/01/01,40,33,狗花椒,1,冬至,第3候,2.5,1,1
2023/01/01,41,34,狗花椒,1,冬至,第3候,2.5,1,1
2023/01/01,42,35,羊角藤,3,冬至,第3候,3,1,2
2023/01/01,43,36,朴樹,1,冬至,第3候,0.5,1,1
2023/01/01,44,37,裡白巴豆,2,冬至,第3候,2.5,1,1
2023/01/01,45,38,土密,1,冬至,第3候,0.5,1,3
2023/01/01,46,39,樟樹,1,冬至,第3候,2.5,1,1
2023/01/15,1,0,緬梔,1,小寒,第2候,0.5,2,1
2023/01/15,2,1,小梗木薑子,1,小寒,第2候,3,1,2
2023/01/15,3,2,相思樹,1,小寒,第2候,2.5,1,1
2023/01/15,4,3,降真香,1,小寒,第2候,2.5,1,2
2023/01/15,5,4,球花嘉賜木,1,小寒,第2候,3,1,1
2023/01/15,6,5,血桐,1,小寒,第2候,2.5,1,1
2023/01/15,7,6,灰木,2,小寒,第2候,0.5,1,1
2023/01/15,8,7,狗骨仔,1,小寒,第2候,3,1,1
2023/01/15,9,8,狗骨仔,2,小寒,第2候,2.5,1,2
2023/01/15,10,9,紅脈赤楠,1,小寒,第2候,3,1,1
2023/01/15,11,10,台灣山桂花,2,小寒,第2候,2.5,1.5,2
2023/01/15,12,11,細葉饅頭果,1,小寒,第2候,3,1,2
2023/01/15,13,12,球花嘉賜木,1,小寒,第2候,2.5,1,1
2023/01/15,14,13,相思樹,1,小寒,第2候,2.5,2,1
2023/01/15,15,14,血桐,1,小寒,第2候,2.5,1,1
2023/01/15,16,14-1,狗骨仔,2,小寒,第2候,2.5,1.5,3
2023/01/15,18,16,山油麻,1,小寒,第2候,2.5,1,2
2023/01/15,19,17,構樹,1,小寒,第2候,0.5,1,1
2023/01/15,21,19,白匏子,1,小寒,第2候,2.5,1,2
2023/01/15,22,19-1,白匏子,1,小寒,第2候,2.5,1,2
2023/01/15,23,20,白匏子,1,小寒,第2候,2.5,1,1
2023/01/15,24,21,苦楝,1,小寒,第2候,0.5,1,1
2023/01/15,25,21-1,白毛臭牡丹,2,小寒,第2候,0.5,1,2
2023/01/15,26,22,狗骨仔,2,小寒,第2候,2.5,2,1
2023/01/15,27,23,降真香,1,小寒,第2候,2.5,1,3
2023/01/15,28,24,小錦蘭,3,小寒,第2候,0.5,1.5,1
2023/01/15,29,25,雙面刺,3,小寒,第2候,2.5,1,1
2023/01/15,30,25-1,紅珠藤,3,小寒,第2候,2.5,1,1
2023/01/15,31,26,大青,2,小寒,第2候,2.5,1,1
2023/01/15,32,26-1,狗花椒,1,小寒,第2候,2.5,1,1
2023/01/15,33,27,球花嘉賜木,1,小寒,第2候,3,1.5,1
2023/01/15,34,28,球花嘉賜木,1,小寒,第2候,3,1,3
2023/01/15,35,29,台灣野茉莉,2,小寒,第2候,0.5,1,1
2023/01/15,36,30,對面花,2,小寒,第2候,2.5,1,1
2023/01/15,37,31,狗花椒,1,小寒,第2候,2.5,1,1
2023/01/15,38,32,毛瓣蝴蝶木,2,小寒,第2候,2.5,1.5,1
2023/01/15,39,32-1,厚殼樹,1,小寒,第2候,0.5,1,2
2023/01/15,40,33,狗花椒,1,小寒,第2候,2.5,1,1
2023/01/15,41,34,狗花椒,1,小寒,第2候,0.5,1,1
2023/01/15,42,35,羊角藤,3,小寒,第2候,2.5,1,2
2023/01/15,43,36,朴樹,1,小寒,第2候,0.5,1,1
2023/01/15,44,37,裡白巴豆,2,小寒,第2候,2.5,1,1
2023/01/15,45,38,土密,1,小寒,第2候,0.5,1,3
2023/01/15,46,39,樟樹,1,小寒,第2候,2.5,1,1
2023/01/29,1,0,緬梔,1,大寒,第2候,0.5,2,1
2023/01/29,2,1,小梗木薑子,1,大寒,第2候,3,1,2
2023/01/29,3,2,相思樹,1,大寒,第2候,2.5,1,1
2023/01/29,4,3,降真香,1,大寒,第2候,2.5,1,2
2023/01/29,5,4,球花嘉賜木,1,大寒,第2候,3,1,1
2023/01/29,6,5,血桐,1,大寒,第2候,2.5,1,1
2023/01/29,7,6,灰木,2,大寒,第2候,0.5,1,1
2023/01/29,8,7,狗骨仔,1,大寒,第2候,3,1,1
2023/01/29,9,8,狗骨仔,2,大寒,第2候,2.5,1,2
2023/01/29,10,9,紅脈赤楠,1,大寒,第2候,3,1,1
2023/01/29,11,10,台灣山桂花,2,大寒,第2候,2.5,1.5,2
2023/01/29,12,11,細葉饅頭果,1,大寒,第2候,2.5,1,1
2023/01/29,13,12,球花嘉賜木,1,大寒,第2候,3,2,1
2023/01/29,14,13,相思樹,1,大寒,第2候,2.5,2,1
2023/01/29,15,14,血桐,1,大寒,第2候,2.5,1,1
2023/01/29,16,14-1,狗骨仔,2,大寒,第2候,2.5,1.5,2
2023/01/29,18,16,山油麻,1,大寒,第2候,2.5,1,2
2023/01/29,19,17,構樹,1,大寒,第2候,0.5,1,1
2023/01/29,21,19,白匏子,1,大寒,第2候,2.5,1,2
2023/01/29,22,19-1,白匏子,1,大寒,第2候,2.5,1,2
2023/01/29,23,20,白匏子,1,大寒,第2候,2.5,1,1
2023/01/29,25,21-1,白毛臭牡丹,2,大寒,第2候,0.5,2,1
2023/01/29,26,22,狗骨仔,2,大寒,第2候,2.5,1.5,1
2023/01/29,27,23,降真香,1,大寒,第2候,3,1,2
2023/01/29,28,24,小錦蘭,3,大寒,第2候,3,1.5,1
2023/01/29,29,25,雙面刺,3,大寒,第2候,3,1,1
2023/01/29,30,25-1,紅珠藤,3,大寒,第2候,2.5,1,1
2023/01/29,31,26,大青,2,大寒,第2候,3,1,1
2023/01/29,32,26-1,狗花椒,1,大寒,第2候,2.5,1,1
2023/01/29,33,27,球花嘉賜木,1,大寒,第2候,3,2,1
2023/01/29,34,28,球花嘉賜木,1,大寒,第2候,3,1,3
2023/01/29,36,30,對面花,2,大寒,第2候,3,1,1
2023/01/29,37,31,狗花椒,1,大寒,第2候,3,1,1
2023/01/29,38,32,毛瓣蝴蝶木,2,大寒,第2候,2.5,2,1
2023/01/29,39,32-1,厚殼樹,1,大寒,第2候,0.5,1,1
2023/01/29,40,33,狗花椒,1,大寒,第2候,2.5,1,1
2023/01/29,41,34,狗花椒,1,大寒,第2候,0.5,1,1
2023/01/29,42,35,羊角藤,3,大寒,第2候,3,1,2
2023/01/29,43,36,朴樹,1,大寒,第2候,0.5,1,1
2023/01/29,44,37,裡白巴豆,2,大寒,第2候,2.5,1,1
2023/01/29,45,38,土密,1,大寒,第2候,3,1,2
2023/01/29,46,39,樟樹,1,大寒,第2候,2.5,1,1
2023/02/06,1,0,緬梔,1,立春,第1候,2,2,1
2023/02/06,2,1,小梗木薑子,1,立春,第1候,3,1,2
2023/02/06,3,2,相思樹,1,立春,第1候,2.5,1,1
2023/02/06,4,3,降真香,1,立春,第1候,2.5,1,2
2023/02/06,5,4,球花嘉賜木,1,立春,第1候,3,1,1
2023/02/06,6,5,血桐,1,立春,第1候,2.5,1,1
2023/02/06,7,6,灰木,2,立春,第1候,2,1,1
2023/02/06,8,7,狗骨仔,1,立春,第1候,3,1,1
2023/02/06,9,8,狗骨仔,2,立春,第1候,2.5,1,2
2023/02/06,10,9,紅脈赤楠,1,立春,第1候,3,1,1
2023/02/06,11,10,台灣山桂花,2,立春,第1候,2.5,1.5,2
2023/02/06,12,11,細葉饅頭果,1,立春,第1候,2.5,1,1
2023/02/06,13,12,球花嘉賜木,1,立春,第1候,3,2,1
2023/02/06,14,13,相思樹,1,立春,第1候,2.5,2,1
2023/02/06,15,14,血桐,1,立春,第1候,2.5,1,1
2023/02/06,16,14-1,狗骨仔,2,立春,第1候,2.5,1.5,2
2023/02/06,18,16,山油麻,1,立春,第1候,2.5,1,1
2023/02/06,19,17,構樹,1,立春,第1候,0.5,1,1
2023/02/06,21,19,白匏子,1,立春,第1候,2.5,1,2
2023/02/06,22,19-1,白匏子,1,立春,第1候,2.5,1,2
2023/02/06,23,20,白匏子,1,立春,第1候,2.5,1,1
2023/02/06,24,21,苦楝,1,立春,第1候,2,1,1
2023/02/06,25,21-1,白毛臭牡丹,2,立春,第1候,0.5,2,1
2023/02/06,26,22,狗骨仔,2,立春,第1候,2.5,1.5,1
2023/02/06,27,23,降真香,1,立春,第1候,3,1,2
2023/02/06,28,24,小錦蘭,3,立春,第1候,3,1.5,1
2023/02/06,29,25,雙面刺,3,立春,第1候,3,1.5,1
2023/02/06,30,25-1,紅珠藤,3,立春,第1候,2.5,1,1
2023/02/06,31,26,大青,2,立春,第1候,3,1,1
2023/02/06,32,26-1,狗花椒,1,立春,第1候,2.5,1,1
2023/02/06,33,27,球花嘉賜木,1,立春,第1候,3,2,1
2023/02/06,34,28,球花嘉賜木,1,立春,第1候,3,1,3
2023/02/06,36,30,對面花,2,立春,第1候,3,1,1
2023/02/06,37,31,狗花椒,1,立春,第1候,3,1,1
2023/02/06,38,32,毛瓣蝴蝶木,2,立春,第1候,2.5,2,1
2023/02/06,39,32-1,厚殼樹,1,立春,第1候,0.5,1,1
2023/02/06,40,33,狗花椒,1,立春,第1候,2.5,1,1
2023/02/06,41,34,狗花椒,1,立春,第1候,0.5,1,1
2023/02/06,42,35,羊角藤,3,立春,第1候,3,1,2
2023/02/06,43,36,朴樹,1,立春,第1候,0.5,1,1
2023/02/06,44,37,裡白巴豆,2,立春,第1候,2.5,1,1
2023/02/06,45,38,土密,1,立春,第1候,3,1,2
2023/02/06,46,39,樟樹,1,立春,第1候,2.5,1,1
2023/02/19,1,0,緬梔,1,雨水,第1候,2,2,1
2023/02/19,2,1,小梗木薑子,1,雨水,第1候,3,1,2
2023/02/19,3,2,相思樹,1,雨水,第1候,2.5,1,1
2023/02/19,4,3,降真香,1,雨水,第1候,2.5,1,2
2023/02/19,5,4,球花嘉賜木,1,雨水,第1候,3,1,1
2023/02/19,6,5,血桐,1,雨水,第1候,2.5,1,1
2023/02/19,7,6,灰木,2,雨水,第1候,2,1,1
2023/02/19,8,7,狗骨仔,1,雨水,第1候,3,1,1
2023/02/19,9,8,狗骨仔,2,雨水,第1候,2.5,1,2
2023/02/19,10,9,紅脈赤楠,1,雨水,第1候,2.5,1,1
2023/02/19,11,10,台灣山桂花,2,雨水,第1候,2.5,2,2
2023/02/19,12,11,細葉饅頭果,1,雨水,第1候,2.5,1,1
2023/02/19,13,12,球花嘉賜木,1,雨水,第1候,3,2,1
2023/02/19,14,13,相思樹,1,雨水,第1候,2.5,2,1
2023/02/19,15,14,血桐,1,雨水,第1候,2.5,1,1
2023/02/19,16,14-1,狗骨仔,2,雨水,第1候,2.5,1.5,2
2023/02/19,18,16,山油麻,1,雨水,第1候,2.5,1,1
2023/02/19,19,17,構樹,1,雨水,第1候,0.5,1,1
2023/02/19,21,19,白匏子,1,雨水,第1候,2.5,1,1
2023/02/19,22,19-1,白匏子,1,雨水,第1候,2.5,1,1
2023/02/19,23,20,白匏子,1,雨水,第1候,2.5,1,1
2023/02/19,24,21,苦楝,1,雨水,第1候,2,1,1
2023/02/19,25,21-1,白毛臭牡丹,2,雨水,第1候,2,2,1
2023/02/19,26,22,狗骨仔,2,雨水,第1候,2.5,2,1
2023/02/19,27,23,降真香,1,雨水,第1候,3,1,2
2023/02/19,28,24,小錦蘭,3,雨水,第1候,3,1.5,1
2023/02/19,29,25,雙面刺,3,雨水,第1候,2.5,1.5,1
2023/02/19,30,25-1,紅珠藤,3,雨水,第1候,2.5,1,1
2023/02/19,31,26,大青,2,雨水,第1候,3,1,1
2023/02/19,32,26-1,狗花椒,1,雨水,第1候,2.5,1,1
2023/02/19,33,27,球花嘉賜木,1,雨水,第1候,3,2,1
2023/02/19,34,28,球花嘉賜木,1,雨水,第1候,3,1,3
2023/02/19,35,29,台灣野茉莉,2,雨水,第1候,2,1,1
2023/02/19,36,30,對面花,2,雨水,第1候,3,1,1
2023/02/19,37,31,狗花椒,1,雨水,第1候,3,1,1
2023/02/19,38,32,毛瓣蝴蝶木,2,雨水,第1候,2.5,2,1
2023/02/19,39,32-1,厚殼樹,1,雨水,第1候,0.5,1,1
2023/02/19,40,33,狗花椒,1,雨水,第1候,2.5,1,1
2023/02/19,41,34,狗花椒,1,雨水,第1候,2.5,1,1
2023/02/19,42,35,羊角藤,3,雨水,第1候,2.5,1,2
2023/02/19,43,36,朴樹,1,雨水,第1候,0.5,1,1
2023/02/19,44,37,裡白巴豆,2,雨水,第1候,2.5,1,1
2023/02/19,45,38,土密,1,雨水,第1候,3,1,1
2023/02/19,46,39,樟樹,1,雨水,第1候,2.5,1,1
2023/02/28,1,0,緬梔,1,雨水,第2候,2,2,1
2023/02/28,2,1,小梗木薑子,1,雨水,第2候,3,1,2
2023/02/28,3,2,相思樹,1,雨水,第2候,2.5,1,1
2023/02/28,4,3,降真香,1,雨水,第2候,2.5,1,2
2023/02/28,5,4,球花嘉賜木,1,雨水,第2候,3,1,1
2023/02/28,6,5,血桐,1,雨水,第2候,2.5,1,1
2023/02/28,7,6,灰木,2,雨水,第2候,2,1,1
2023/02/28,8,7,狗骨仔,1,雨水,第2候,3,1,1
2023/02/28,9,8,狗骨仔,2,雨水,第2候,2.5,1,1
2023/02/28,10,9,紅脈赤楠,1,雨水,第2候,2.5,1,1
2023/02/28,11,10,台灣山桂花,2,雨水,第2候,2.5,3,1
2023/02/28,12,11,細葉饅頭果,1,雨水,第2候,2.5,1,1
2023/02/28,13,12,球花嘉賜木,1,雨水,第2候,3,2,1
2023/02/28,14,13,相思樹,1,雨水,第2候,2.5,2,1
2023/02/28,15,14,血桐,1,雨水,第2候,2.5,1,1
2023/02/28,16,14-1,狗骨仔,2,雨水,第2候,2.5,1.5,2
2023/02/28,18,16,山油麻,1,雨水,第2候,2.5,1,1
2023/02/28,19,17,構樹,1,雨水,第2候,0.5,1,1
2023/02/28,21,19,白匏子,1,雨水,第2候,2.5,1,1
2023/02/28,22,19-1,白匏子,1,雨水,第2候,2.5,1,1
2023/02/28,23,20,白匏子,1,雨水,第2候,2.5,1,1
2023/02/28,24,21,苦楝,1,雨水,第2候,2,1,1
2023/02/28,25,21-1,白毛臭牡丹,2,雨水,第2候,2,2,1
2023/02/28,26,22,狗骨仔,2,雨水,第2候,2.5,2,1
2023/02/28,27,23,降真香,1,雨水,第2候,3,1,2
2023/02/28,28,24,小錦蘭,3,雨水,第2候,3,1.5,1
2023/02/28,29,25,雙面刺,3,雨水,第2候,2.5,2,1
2023/02/28,30,25-1,紅珠藤,3,雨水,第2候,2.5,1,1
2023/02/28,31,26,大青,2,雨水,第2候,3,1,1
2023/02/28,32,26-1,狗花椒,1,雨水,第2候,2.5,1,1
2023/02/28,33,27,球花嘉賜木,1,雨水,第2候,3,2,1
2023/02/28,34,28,球花嘉賜木,1,雨水,第2候,3,1,3
2023/02/28,35,29,台灣野茉莉,2,雨水,第2候,2,1.5,1
2023/02/28,36,30,對面花,2,雨水,第2候,3,1,1
2023/02/28,37,31,狗花椒,1,雨水,第2候,3,1,1
2023/02/28,38,32,毛瓣蝴蝶木,2,雨水,第2候,2.5,2,1
2023/02/28,39,32-1,厚殼樹,1,雨水,第2候,0.5,1,1
2023/02/28,40,33,狗花椒,1,雨水,第2候,2.5,1,1
2023/02/28,41,34,狗花椒,1,雨水,第2候,2.5,1,1
2023/02/28,42,35,羊角藤,3,雨水,第2候,2.5,1,1
2023/02/28,43,36,朴樹,1,雨水,第2候,2,1,1
2023/02/28,44,37,裡白巴豆,2,雨水,第2候,2.5,1,1
2023/02/28,45,38,土密,1,雨水,第2候,2.5,1,1
2023/02/28,46,39,樟樹,1,雨水,第2候,2.5,2,1
2023/03/04,1,0,緬梔,1,雨水,第3候,2.5,1,1
2023/03/04,2,1,小梗木薑子,1,雨水,第3候,2.5,1,2
2023/03/04,3,2,相思樹,1,雨水,第3候,2.5,1,1
2023/03/04,4,3,降真香,1,雨水,第3候,2.5,1,1
2023/03/04,5,4,球花嘉賜木,1,雨水,第3候,3,1,1
2023/03/04,6,5,血桐,1,雨水,第3候,2.5,1,1
2023/03/04,7,6,灰木,2,雨水,第3候,2,1.5,1
2023/03/04,8,7,狗骨仔,1,雨水,第3候,3,1,1
2023/03/04,9,8,狗骨仔,2,雨水,第3候,2.5,1,1
2023/03/04,10,9,紅脈赤楠,1,雨水,第3候,2.5,1,1
2023/03/04,11,10,台灣山桂花,2,雨水,第3候,2.5,3,1
2023/03/04,12,11,細葉饅頭果,1,雨水,第3候,2.5,1,1
2023/03/04,13,12,球花嘉賜木,1,雨水,第3候,3,2,1
2023/03/04,14,13,相思樹,1,雨水,第3候,2.5,1,1
2023/03/04,15,14,血桐,1,雨水,第3候,2.5,1,1
2023/03/04,16,14-1,狗骨仔,2,雨水,第3候,3,1,2
2023/03/04,18,16,山油麻,1,雨水,第3候,2.5,1,1
2023/03/04,19,17,構樹,1,雨水,第3候,0.5,1,1
2023/03/04,20,18,白毛臭牡丹,2,雨水,第3候,2.5,2,1
2023/03/04,21,19,白匏子,1,雨水,第3候,2.5,1,1
2023/03/04,22,19-1,白匏子,1,雨水,第3候,2.5,1,2
2023/03/04,23,20,白匏子,1,雨水,第3候,2.5,1,1
2023/03/04,24,21,苦楝,1,雨水,第3候,2,1.5,1
2023/03/04,25,21-1,白毛臭牡丹,2,雨水,第3候,2.5,2,2
2023/03/04,26,22,狗骨仔,2,雨水,第3候,2.5,1.5,1
2023/03/04,27,23,降真香,1,雨水,第3候,3,1,2
2023/03/04,28,24,小錦蘭,3,雨水,第3候,3,1.5,1
2023/03/04,29,25,雙面刺,3,雨水,第3候,2.5,2,1
2023/03/04,30,25-1,紅珠藤,3,雨水,第3候,2.5,1,1
2023/03/04,37,31,狗花椒,1,雨水,第3候,2.5,1.5,1
2023/03/04,31,26,大青,2,雨水,第3候,2.5,1,1
2023/03/04,33,27,球花嘉賜木,1,雨水,第3候,3,1,1
2023/03/04,34,28,球花嘉賜木,1,雨水,第3候,2.5,1,2
2023/03/04,40,33,狗花椒,1,雨水,第3候,2.5,1.5,1
2023/03/04,41,34,狗花椒,1,雨水,第3候,2.5,1,1
2023/03/04,35,29,台灣野茉莉,2,雨水,第3候,2,1.5,1
2023/03/04,36,30,對面花,2,雨水,第3候,2.5,1,1
2023/03/04,44,37,裡白巴豆,2,雨水,第3候,2.5,1,1
2023/03/04,43,36,朴樹,1,雨水,第3候,2,1,1
2023/03/04,45,38,土密,1,雨水,第3候,2.5,1,1
2023/03/04,46,39,樟樹,1,雨水,第3候,2.5,1.5,1
2023/03/04,42,35,羊角藤,3,雨水,第3候,2.5,1,1
2023/03/04,38,32,毛瓣蝴蝶木,2,雨水,第3候,2.5,2,1
2023/03/18,1,0,緬梔,1,驚蟄,第3候,2.5,2,1
2023/03/18,2,1,小梗木薑子,1,驚蟄,第3候,2.5,1,1
2023/03/18,3,2,相思樹,1,驚蟄,第3候,2.5,1,1
2023/03/18,4,3,降真香,1,驚蟄,第3候,2.5,1,1
2023/03/18,5,4,球花嘉賜木,1,驚蟄,第3候,3,1,2
2023/03/18,6,5,血桐,1,驚蟄,第3候,2.5,1.5,1
2023/03/18,7,6,灰木,2,驚蟄,第3候,2.5,1.5,1
2023/03/18,8,7,狗骨仔,1,驚蟄,第3候,2.5,1,1
2023/03/18,9,8,狗骨仔,2,驚蟄,第3候,2.5,1,1
2023/03/18,10,9,紅脈赤楠,1,驚蟄,第3候,2.5,1.5,1
2023/03/18,11,10,台灣山桂花,2,驚蟄,第3候,2.5,1,3
2023/03/18,12,11,細葉饅頭果,1,驚蟄,第3候,2.5,1,1
2023/03/18,13,12,球花嘉賜木,1,驚蟄,第3候,2.5,1,1
2023/03/18,14,13,相思樹,1,驚蟄,第3候,2.5,2,1
2023/03/18,15,14,血桐,1,驚蟄,第3候,2.5,1.5,1
2023/03/18,16,14-1,狗骨仔,2,驚蟄,第3候,2.5,1.5,2
2023/03/18,18,16,山油麻,1,驚蟄,第3候,2.5,1,1
2023/03/18,19,17,構樹,1,驚蟄,第3候,2.5,1,1
2023/03/18,20,18,白毛臭牡丹,2,驚蟄,第3候,2.5,3,2
2023/03/18,21,19,白匏子,1,驚蟄,第3候,2.5,1,1
2023/03/18,22,19-1,白匏子,1,驚蟄,第3候,2.5,1,2
2023/03/18,23,20,白匏子,1,驚蟄,第3候,2.5,1,1
2023/03/18,24,21,苦楝,1,驚蟄,第3候,2,2,1
2023/03/18,25,21-1,白毛臭牡丹,2,驚蟄,第3候,2.5,2,2
2023/03/18,26,22,狗骨仔,2,驚蟄,第3候,2.5,2,1
2023/03/18,27,23,降真香,1,驚蟄,第3候,3,1,2
2023/03/18,28,24,小錦蘭,3,驚蟄,第3候,3,1.5,1
2023/03/18,29,25,雙面刺,3,驚蟄,第3候,2.5,1.5,1
2023/03/18,30,25-1,紅珠藤,3,驚蟄,第3候,2.5,1,1
2023/03/18,37,31,狗花椒,1,驚蟄,第3候,3,1,1
2023/03/18,31,26,大青,2,驚蟄,第3候,2.5,1,1
2023/03/18,33,27,球花嘉賜木,1,驚蟄,第3候,3,1,1
2023/03/18,34,28,球花嘉賜木,1,驚蟄,第3候,2.5,1,2
2023/03/18,41,34,狗花椒,1,驚蟄,第3候,2.5,1,1
2023/03/18,40,33,狗花椒,1,驚蟄,第3候,2.5,1,1
2023/03/18,35,29,台灣野茉莉,2,驚蟄,第3候,2.5,2,1
2023/03/18,44,37,裡白巴豆,2,驚蟄,第3候,2.5,1,1
2023/03/18,43,36,朴樹,1,驚蟄,第3候,2.5,3,1
2023/03/18,45,38,土密,1,驚蟄,第3候,2.5,1,1
2023/03/18,46,39,樟樹,1,驚蟄,第3候,2.5,3,1
2023/03/18,42,35,羊角藤,3,驚蟄,第3候,2.5,1,1
2023/03/18,38,32,毛瓣蝴蝶木,2,驚蟄,第3候,2.5,2,1
2023/04/01,1,0,緬梔,1,春分,第3候,2.5,2,1
2023/04/01,39,32-1,厚殼樹,1,春分,第3候,2,1,1
2023/04/01,38,32,毛瓣蝴蝶木,2,春分,第3候,2.5,2,1
2023/04/01,2,1,小梗木薑子,1,春分,第3候,2.5,1,1
2023/04/01,3,2,相思樹,1,春分,第3候,2.5,1,1
2023/04/01,4,3,降真香,1,春分,第3候,2.5,1.5,2
2023/04/01,5,4,球花嘉賜木,1,春分,第3候,3,1,1
2023/04/01,6,5,血桐,1,春分,第3候,2.5,1.5,1
2023/04/01,7,6,灰木,2,春分,第3候,2.5,2,1
2023/04/01,8,7,狗骨仔,1,春分,第3候,2.5,2,1
2023/04/01,9,8,狗骨仔,2,春分,第3候,2.5,2,1
2023/04/01,10,9,紅脈赤楠,1,春分,第3候,2.5,1.5,1
2023/04/01,11,10,台灣山桂花,2,春分,第3候,2.5,1,3
2023/04/01,12,11,細葉饅頭果,1,春分,第3候,2.5,2,1
2023/04/01,13,12,球花嘉賜木,1,春分,第3候,2.5,1,1
2023/04/01,14,13,相思樹,1,春分,第3候,2.5,1,1
2023/04/01,15,14,血桐,1,春分,第3候,2.5,3,1
2023/04/01,16,14-1,狗骨仔,2,春分,第3候,2.5,1.5,2
2023/04/01,18,16,山油麻,1,春分,第3候,2.5,1,1
2023/04/01,19,17,構樹,1,春分,第3候,2.5,3,1
2023/04/01,20,18,白毛臭牡丹,2,春分,第3候,2.5,2,2
2023/04/01,21,19,白匏子,1,春分,第3候,2.5,1,1
2023/04/01,22,19-1,白匏子,1,春分,第3候,2.5,1,1
2023/04/01,23,20,白匏子,1,春分,第3候,2.5,1,1
2023/04/01,24,21,苦楝,1,春分,第3候,2.5,3,1
2023/04/01,25,21-1,白毛臭牡丹,2,春分,第3候,2.5,1,2
2023/04/01,26,22,狗骨仔,2,春分,第3候,2.5,3,1
2023/04/01,27,23,降真香,1,春分,第3候,2.5,1,3
2023/04/01,28,24,小錦蘭,3,春分,第3候,3,3,1
2023/04/01,29,25,雙面刺,3,春分,第3候,2.5,1.5,1
2023/04/01,30,25-1,紅珠藤,3,春分,第3候,2.5,1,1
2023/04/01,42,35,羊角藤,3,春分,第3候,2.5,1,1
2023/04/01,37,31,狗花椒,1,春分,第3候,2.5,1,1
2023/04/01,31,26,大青,2,春分,第3候,2.5,1,1
2023/04/01,32,26-1,狗花椒,1,春分,第3候,2.5,1,1
2023/04/01,33,27,球花嘉賜木,1,春分,第3候,2.5,1,1
2023/04/01,34,28,球花嘉賜木,1,春分,第3候,2.5,1,1
2023/04/01,41,34,狗花椒,1,春分,第3候,2.5,1,1
2023/04/01,40,33,狗花椒,1,春分,第3候,2.5,1,1
2023/04/01,35,29,台灣野茉莉,2,春分,第3候,2.5,3,1
2023/04/01,36,30,對面花,2,春分,第3候,2,1,1
2023/04/01,44,37,裡白巴豆,2,春分,第3候,2.5,1,2
2023/04/01,43,36,朴樹,1,春分,第3候,2.5,1,3
2023/04/01,45,38,土密,1,春分,第3候,2.5,1,1
2023/04/01,46,39,樟樹,1,春分,第3候,2.5,3,1
